custnmbr,addrcode,custname,sStreet1,sStreet2,sCity,sProvState,sCountry,sPostalZip
9537087,3D1222D,Zumwaxx Technologies Inc.,180 Caster Ave.,,Woodbridge,ON,,L4L5Y7
7425455,0F7D4A6,TX Mechanical Inc.,"1010 Polytek Street, Unit 41",,Ottawa,ON,Canada,K1J9J3
00C808D,9572BD5,Metuomex Xaezumg Group Inc.*,200 - 1430 Hocquart,,St. Bruno,QC,,J3V6E1
2A4F169,EDA699A,Teayco Xeb Equipment Systems Management Ltd.,#205 - 4288 Lozells Ave,,Burnaby,BC,,V5A0C7
80E3C2C,173DFF4,5085 Yomga Quebec Inc,"1380 Rodick Road, Suite 410",,Toronto,ON,,L3R4G5
88FBE8D,213D091,Xobxewz Inc. (Bxeumz Road),# 78,1275 Rymal Road East,Hamilton,Ontario,,L8W3N1
0F0FEBD,A9B5258,Betouzza Zecta-Coaut,3765 Champlain Street,,Bourget,ON,,K0A1E0
24B9DAE,4A79EB1,"Zympucet des Cobtobtuéteutaz 110, Chanum Ftezat","402 - 100, Chemin Fraser",,Gatineau,QC,Canada,J9H7S9
5CB182D,05995D4,"BCC 449, The Unbatuex",30 Malta Avenue,,Brampton,Ontario,,L6Y4S5
FAA0C5E,B5B97D7,Division 25 Plumbing,RR#2,,New Lowell,ON,,L0M1N0
0B333CB,40ECE5C,MCO Building,c/o McCOR Management (SK) Inc.,"#300, 2550 12th Avenue",Regina,SK,,S4P3X1
B2D0D25,D73B59C,Zbac Futmututa,165 City View Drive,,Toronto,ON,,M9W5B1
24A1FE7,E47290E,Omyx Mechanical,214 Wilkinson Road,,Brampton,ON,,L6T4M4
7871B6F,4861858,Cete Eutxuma Solutions,2498 Britannia Road East,,Mississauga,ON,,L4W2P7
232F78C,BFA22F0,Btanuata Plumbing,1536 Champlain Street,,Dieppe,New Brunswick,,E1A1R5
82BCBCE,E4BE44B,St. Bamapuctz Church,2194 Kipling Ave.,,Etobicoke,ON,,M9W4K9
5FB42DD,C79032E,Mottak Mechanical  Services,1 Huttonville Dr.,,Brampton,ON,,L6X0C2
B252417,5759F75,"CUUZZZ AZT DE X'UXA DE NTX, UMZT. UUZNN","7401, rue Hochelaga",,Montréal,QC,Canada,H1N3M5
79C85A0,CAFB174,Nextom Village,7075 Rexwood Rd.,,Mississauga,ON,,L4T4M1
262F7B7,F534F7C,Ambtupga Gez Inc.,500 Consumers Drive,,Toronto,ON,,M2J1P8
4A37FC5,4D333F8,Cattufuap Group of Conbemuaz,5004 Timberlea Blvd. Unit 5,,Mississauga,ON,,L4W5C5
0975774,541332B,EX Property Management Services LP c/o 425 Yomga,"415 Yonge Street, Suite 1803",,Toronto,ON,,M5B2E6
2B6DDA5,D7C3DFC,UCC Property Management Ltd.,and Property Managers Toronto,1151 Denison Street #15,Markham,ON,,L3R3Y4
EE12461,B34A961,Ebbtovap Coxp Ztotega Inc.,5100 Harvester Road,,Burlington,ON,,L7L4X4
32E66C7,385A8FD,Q19 Matwotkz Inc.,100 Wellington St W. Suite 1000,,Toronto,ON,,M5K1J3
5844091,55D3694,HCC #240,"33 Alderney Drive, Suite 650",,Halifax,NS,,B2Y2N4
D926AEA,FC79686,7037467 Canada Inc,"1100, Avenue Dr. Pennfield, suite 301",,Montreal,QC,,H3A1A8
2C70AEC,67636BB,Exgomquum College - Banbtoka Campus,1 College Way,,Pembroke,ON,Canada,K8A0C8
344B6A4,FB11C7D,9481-7610 Québac Inc,300-4150 Sherbrooke W,,Westmount,QC,Canada,H3Z1B7
9BC8740,8D3E9DE,KTN Mechanical,9 Brookhaven Cres.,,Orangeville,ON,,L9W2Y9
2EB3402,EE56269,CBNU as Egamtz for Pumpez Apwetp  Centre,"90 Sheppard Ave. East, Suite 305",,Toronto,ON,,M2N3A1
A1D1E94,29F8D8F,GWX Taexty Epvuzotz Inc.-,Property Management Office,"33 Yonge Street, Suite 1000",Toronto,ON,,M5E1G4
4874DE4,31A0566,Johmzom Comttoxz Canada LP,P.O. Box 2012,,Milwaukee,WI,USA,53201
378C157,5DD5B10,XAEZUPA,10 WILLIAM MORGAN DR.,,EAST YORK,ON,,M4H1E7
AA194B6,784513D,Tuchcteft Properties,"2280 St Laurent Blvd, Suite 201",,Ottawa,ON,,K1G4K1
85DD0C0,8619F56,Nejaztuc Eut Inc.,1431 Cornwall St.,,Regina,SK,,S4R2H8
7D2829D,2BBBFFD,City of Bottega La Btetua,495 11th St NW,,Portage La Prarie,Manitoba,,R1N4B3
5ECA4B9,9CC87B5,BCC 106,2556 Argyle Rd.,,Mississauga,ON,,L5B2H6
54413A9,14416FA,GOTP PROPERTIES INC c/o Powmumg Street Property,50 Nimacor Ave,,Vaughan,ON,,L4K4Z9
0CAF7CE,45BE488,Xobxewz Inc. (Quaamz Bxeta),# 7920,1275 Rymal Road East,Hamilton,ON,,L8W3N1
F4986B9,B7469B3,Xobxewz Inc.,1 Presidents Choice Circle,,Brampton,ON,,L6Y5S5
1B1B738,05B021F,Coxommepa Btupgabott UTF,"16 Concourse Gate, Suite 200",,Ottawa,ON,,K2E7S8
4D1D651,9C658A9,Xobxewz Inc. (Maw Street 2029),# 2268,1275 Rymal Road East,Hamilton,ON,,L8W3N1
074FBEE,A4E602F,Epnutexty Place, Box 18 - 20 Gore St.,,Kingston,ON,,K7L2L1
E8CB999,4DB5C50,YTZCC 989,25 Times Ave,,Thornhill,Ontario,,L3T7X5
E578562,C4D8F0C,Chouca Properties LP,NXS #: 1259946 - 30242,700-22 St Clair Ave E,Toronto,ON,,M4T2S5
0F50D38,BCECB2D,Ettuz REIT,600-220 Portage Avenue,,Winnipeg,MB,,R3C0A5
4D7B995,404D18B,ZTO,"111, Rue Jean-Prouix",,Gatineau,QC,,J8Z1T4
FC081EE,6BF8277,Btenbtom Btocazzumg,"171 Advance Blvd, Unit 19",,Brampton,Ontario,,L6T2Z7
C712EEB,18A7BC1,Btookfuaxp Residential Services Ltd.,ATT:Property Management,18 Yorkville Ave.,Toronto,Ontario,,M4W3Y8
432652E,82A3E58,Xobxewz Inc.  (Noumteumezh 2026),# 39,1275 Rymal Road East,Hamilton,ON,,L8W3N1
ABE0D55,27BDBDA,U.G Umvaztnamt Management Ltd.,ATT: Property Management Office,"33 Yonge Street, Suite 1000",Toronto,ON,,M5E1G4
DABA86D,E4D36E4,Netquetpt Mechanical UXC,3200 12th Avenue,,Regina,SK,,S4T1J9
CAFEA56,75B7AAD,TTCE Haep Office,5 Shoreham Drive,,Downsview,Ontario,,M3N1S4
21B55AA,FD5FDCD,FutztZatvuca Residential,2645 Skymark Ave. Suite 101,,Mississuga,ON,,L4W4H2
C33FC47,BC4CB35,Pem Tazupamca,15 High Point Road,,Toronto,ON,,M3B2A3
B3D9CBC,3CA30CF,NTU Ltd.,"860 Denison St., Unit 5",,Markham,Ontario,,L3R4H1
59B13C7,E39AF75,1531 Yomga Haeth Limited Ontario Region,NXS #: 1259946 - 75140,700-22 St Clair Ave E,Toronto,ON,,M4T2S5
7F3723B,2142477,"Vuezyztanz Technologies, Toronto",8150 Sheppard Avenue East,,Toronto,ON,,M1B5K2
A14549F,32F7279,Pomut Tuna,35 Adesso Drive,,Concord,ON,,L4K3C7
9187B3D,AF017E9,Comcotpue University,1455 de Maisonneuve Blvd W,,Montreal,Quebec,Canada,H3G1M8
C61AFBA,CF3C437,Wexnem,"4605, avenue du Parc",,Montréal,QC,Canada,H2V4E4
7AD4BE9,77E25FA,C.C.C 505,1200 Prince of Wales Drive,Suite D,Ottawa,ON,Canada,K2C3Y4
81D2FEE,23821DE,Axtampap Ceta Hotaxz,2141 Belair Drive,,Ottawa,ON,,K2C0X2
5C3B223,DA92202,Tetenegoucha Btawaty,235 Main Street,,Tatamagouche,NS,,B0K1V0
57329EB,8EE1874,Wexkat'z Wetat Systems,PO BOX 312,321 Main St.,Kipling,SK,,S0G2S0
D3C806C,D06333B,The St Cxeut Club Limited  Ontario Region,NXS #: 1259946 - 75210,700-22 St Clair Ave E,Toronto,ON,,M4T2S5
630C414,E3FBDC5,Motthzypa Btocazzumg,139 Queen St,,North Sydney,NS,,B2A1A9
D995DDF,1422939,ZMC-Xevexum Obatetuomz &,85 Bellebumeur,"2ieme etage, bureau 210",Gatineau,QC,,J8T8B7
3479630,96DD384,Yotk Componumuun Corp. MO. 112,175 Hilda Ave,,Toronto,Ontario,,M2M1V8
01CB0DD,7CA6503,Zugmetuta Exunumun,1850 Clements Road,,Pickering,ON,,L1W3R8
7F1C31E,5E690BE,Znokumg Gum Puztuxxaty,Hwy 33 & Lajord,,,,,S0G2V0
D82B0A5,A4A170B,KumgZatt Nottgega (80 Yotk Ftaahoxp) Corporation,(70 York Leasehold) Corporation,c/o Bentall GreenOak (Canada) Limited Partnership,"130 Bloor ST. W., Suite #502","Toronto, ON",Canada,M5S1N5
E5499D6,1D34D98,6611933 Canada Inc.,"510 boul Maloney est, bureau 200",,Gatineau,QC,Canada,J8P1E7
50A2007,DCC831A,Anbexxegaz Nutchax-Xumcoxm Ltée,3737 Boul. Thimens,,St-Laurent,QC,Canada,H4R1V1
F6402A0,2E5A6F1,Move Zcotue Haexth Euthotuty (CAH),5 Chipman Drive,,Kentville,NS,,B4N3V7
5C1DE46,A7AB1FE,Kutchamat Houzumg Inc.,11 Weber Street West,,Kitchener,ON,,N2H3Y9
8738F9E,451551C,6845 Camtuty Monumaa Ltd. c/o,60 Adelaide Street,"Suite 900, Mailbox",Toronto,ON,,M5C3E4
9A191C1,0F39448,HOOBB Taexty Inc. c/o Ttuovazt Taexty Epvuzotz Inc.,"40 University Ave., Suite 1200",,Toronto,ON,,M5J1T1
CB9A75D,75476E5,"Group Cotbaux, Aeztatm Ontario Taepynux",630 HWY 17 East,,L'Orignal,ON,,K0B2K2
DD5AF52,292BE42,9252-5323 Quebec Inc.,"630, rue Saint-Paul Ouest",Bureau 600,Bureau 600,QC,Canada,H2Y2G3
9EB1227,AB14B6C,Toronto Ebettout,2 Tecumseth Street,,Toronto,Ontario,,M5V2R5
3EFF5D3,667D366,Numucubexuté St-Chtyzoztona,"624, rue Notre-Dame",,St-Chrysotome,QC,,J0S1R0
6117E60,7A26767,Epnmz Epaxeupa Umvaztnamt,"160 Bloor Street East, Suite 905",,TORONTO,ON,,M4W1B9
5C6599D,F847A8B,Batwuck and District Connumuty Ezzocuetuom,250 Veterans Drive,PO Box 567,Berwick,NS,Canada,B0P1E0
010BFA7,8A2B72E,Pettnouth Ctozzumg 14 Neztat LP,34 Logiealmond Close,,Dartmouth,NS,,B3B0C8
39E9F92,53CE31D,MotthWazt Healthcare Properties,180 Dundas St. West Suite 1900,,Toronto,ON,,M5G1Z8
C9B0260,8759AFE,1517 Yomga Street Inc Ontario Region -,NXS #: 1259946 - 75130,700-22 St Clair Ave E,Toronto,ON,,M4T2S5
8FBB5C8,4CEC3E8,OCZCC 840 c/o CNG,434 Queen Street,,Ottawa,ON,,K1R7V7
FA3F1EE,3A349BD,Corporation of the Town of Coboutg,55 King St W,,Cobourg,ON,,K9A2M2
D25E728,B2928D3,1221894 Ontario Inc.,6 Dalecroft Cres.,,Nepean,ON,,K2G5H9
8F551A3,0734F99,Buovactte Inc.,11 Aviation Avenue,,Charlottetown,PE,,C1E0A1
6D30DED,E1FFD3C,UTZZT-Conbtaz e beyat,"505, Boul. Maisonneuve Ouest",,Montréal,QC,Canada,H3A3C2
1A21F94,A3E3BCA,TE Umvaztnamt 16 Holdings GB Inc.,200 - 20 Victoria Street,,Toronto,ON,Canada,M5C2N8
8F3B7A4,F460BE3,Cottume Kutchamz Inc.,70 Regina Road,,Woodbridge,Ontario,,L4L8L6
D2FD05C,CCA2048,Jema Group,47 Walcot Run,,Halifax,NS,,B3N0A5
012F29D,9369F52,BTOOKFUAXP PROPERTIES BU INC. C/O YETPU,C/O YARDI PROCESSING CENTRE,"5925 AIRPORT ROAD, SUITE 605",MISSISSAUGA,ON,,L4V1W1
63579A6,1D32ED5,Netethom Mechanical,612 - 4th Ave,,Regina,SK,,S4N2Z5
5FAF0D7,CE74AE8,BCC 362,4 Lisa Street,,Brampton,ON,,L6T4B6
943AAE9,A91183D,Ttemzcomtumamtex Btumtumg 2015 G.B.,"1500, Jules-Poitras",,Saint-Laurent,Quebec,,H4N1X7
071B638,E3FC3ED,Le Gtouba UzH30tob Inc.,3673 boul. de la Cite des Jeunes,,Vaudreuil,Quebec,,J7V8P2
58A33E2,FD09D5A,Zhatwoop Court Xomg Tatn Ceta Centre,300 Ravineview Drive,,Maple,ON,,L6A3P8
5B8A05B,3E1F664,Xumpzey Construction,105 - 134 Eileen Stubbs Avenue,,Dartmouth,NS,,
392F9C4,77FA2E7,Bteutua Btaw Supplies,1120 Broad Street,,Regina,SK,,S4R1X8
61C9FAE,DE46C6C,Épufuca Btawztat,630 rue Saint-Paul Ouest,Bureau 600,Montreal,QC,,H3C1L9
E7EF81E,2492309,Fottumo'z (Emceztat 2021) LTD.,54 Wilson Street West,,Ancaster,ON,,L9G1N2
C05B727,7F40A77,Kubxumg Group Inc.,65 Queen St. W,,Toronto,ON,,M5H2M5
EA11C0C,B623532,Maxuz Mechanical Group,22 Worfolk Place,,Whitby,ON,,L1N6Z2
54165F4,13BD53B,2588543 Ontario Inc,158 Cresthaven Drive,,Halifax,NS,,B3M4B9
B918D8D,53B00E1,Neztat Beckegumg Inc.,P.O. Box 2667,,Charlottetown,PE,,C1A8C3
3536DA2,F0F3440,Teyxym Comttectumg Inc,296 Waverly Street South,,Oshawa,ON,,L1J5V6
009D268,3D7FAF4,NTCC 767,95 Prince Arthur,,Toronto,Ontario,,M5R3P6
DF71939,5B0C3E1,Zofume Foopz Inc. (Btenbtom),145 East Drive,,Brampton,Ontario,,L6T1B9
8B71A0D,00D9FED,Ttuco Consulting Services Inc,22 Rosebank Blvd.,,Holland Landing,ON,,L9N1C8
F19B1A2,BDF99D4,HCCC 360 - The Wetattom,61 Prince Albert Road,,Dartmouth,NS,,B2Y1M1
1DD46AB,85D178E,"Ttanco Canada Division, TBN Canada",220 Wicksteed avenue,,Toronto,ON,Canada,M4H1G7
0A23B5F,06A4B1B,Valley Zttaen Nemot,2 Valley Stream Dr.,,Ottawa,ON,,K2H0A5
4A8ED70,DAF8348,Vuxxa de Xomguauux(Hôtax de Vuxxa),4250 chemin de la Savane,,Longueuil,QC,,J3Y9G4
BAC4E12,4E3626F,Xobxewz Inc. (Ubbat Nuppxa 2028),# 0526,1275 Rymal Road East,Hamilton,ON,,L8W3N1
14475CD,2F70974,Cempup Btawumg Company,3886 South River Road,,Antigonish,NS,,B2G2H8
5F6F8B0,19482E1,Pagax Inc.,21 Parkes Dr.,,Ajax,Ontario,,L1S4W4
60110D8,EFEB62B,YCC 171,Millgate Manor,303 Mill Road,Etobicoke,ON,,M9C1Y5
43EEAB1,6E0A8C5,Btookfuaxp Office Properties,c/o YARDI Processing Centre,"5925 Airport Road, Suite 605",Mississauga,ON,,L4V1W1
92F99FC,5E66904,Motthzupa Btocazzumg,7 Commercial Street,,Louisbourg,NS,,B1C1B5
81C5271,D76B5EA,BCUNC Taexty Corp.,4950 Yonge St. Ste 102 Box 1,,North York,ON,,M2N6K1
6BC1820,24E0CE3,3346296 Nemutobe Limited c/o,200 - 1355 Taylor Ave,,Winnipeg,MN,,R3M3Y9
7CBC45E,BA1921E,3690590 Canada Inc,"768 boul. St-Joseph, bureau 100",,Gatineau,QC,,J8Y4B8
82368EF,63897FC,Xaepat Plumbing,"91 Haist Ave., Unit 3&4",, Woodbridge,Ontario,,L4L5V5
C2309C9,108F57E,Zoutca Etxemtuc - Noumt Umuecka,P.O. Box 90,140-142 Highway #1,Mount Uniacke,NS,,B0N1Z0
FA3F012,A5D6DE6,QA Wab,1158 South Service Road,,Oakville,Ontario,,L6L5T7
E030360,0A835FD,185-211 Waztctaak Bxvp Holdings UXC,"121 King Street West, Suite 2100",PO BOX 112,Toronto,ON,,M5H3T9
A5C46DE,2E15DE6,KZ 2085 KAMMAPY ROAD INC. c/o,40 University Avenue Suite 1200,,Toronto,ON,,M5J1T1
FBFB6A3,D24A1F3,Canadian Fuxn Centre(CFC),2489 Bayview Ave,,Toronto,ON,,M2L1A8
F308766,6D9F332,CAZ Plumbing,4444 Eastgate Pkwy,Unit 7,Mississauga,ON,,L6W4T6
B988F16,EE56269,CBNU as Egamtz for 121 Batat UE,"90 Sheppard Ave. East, Suite 305",,Toronto,ON,,M2N3A1
7FE25CF,31A5E0F,Tapboutma Netkhen Coxunbue Co-owmatzhub,"60 Columbia Way, Suite 102",,Markham,ON,,L3R0C9
F6D05FA,26846D3,Puxfo HVEC Services,1481 Cyrville Road,,Ottawa,ON,,K1B3L7
605F0D3,D6EA17E,Mattoyaut Btêt-à-Bottat,"6545, rue Henri-Bourassa",,Ville St-Laurent,QC,Canada,H4R1C8
8EB2129,BE4D438,The Cenbbaxx- TEZ 309CE Corp.,c/o Bentall Property Services (Ontario) Ltd,"1 York Street, Suite 1100",Toronto,ON,,M5J0B6
B757779,0F5EC83,Exunucezt,705 Bayview Drive,,Barrie,ON,,L4N9A5
6BE46F0,6FE6AC7,Emchot Group Etxemtuc,8 Anchor Drive,,Halifax,NS,,B3N0C2
5FA3E46,E75044E,BGUZ*,P.O Box 4810,4175 14th Avenue,Markham,ON,,L3R0J2
D4F0AC5,E6C4575,Ktomeu Cutxumg Club,5 Main Street,Box 124,,Kronau,,SK
777CAAD,EF93A4F,Xagecy Towat,2720 College Ave,,Regina,SK,,S4T1T9
E544018,4399D1A,Zcotuebemk Centre,"1800 Argyle Street, Suite 416",P.O. Box 955,Halifax,NS,,B3J2V9
6011D47,F8ABEB1,Ztoma & Zouth c/o Bampexa,PO Box 290,,Kingston,ON,,K7L4V8
C1507EC,0C135B4,HTZ Amgumaatumg Ltd.,115 Norfinch Dr.,,Toronto,Ontario,,M3N1W8
55D5CDC,47796C6,Chavex Property Management,238 Wellington Street East,Suite 207,Aurora,ON,,L4G1J5
090E92C,15062F0,Cxunet-Comttox ZB Inc.,"1061, rue Marie-Victorin",,St-Burno,Québec,Canada,J3V0M7
EE8838B,EDB16E5,Foop Putactuomz Inc.,"120 Melford Dr., Unit #8",,Scarborough,Ontario,,M1B2X5
2807079,724EC0D,UWK Haexth Centre,P.O. Box 9700,,Halifax,NS,,B3K6R8
3ACAB91,66E80A6,TZCC 1787,5753 Coopers Ave,,Mississauga,ON,,L4Z1R9
1090331,5039F1E,"Gtemt Thotmtom Limited, as Tacauvat of 65 Town","200 King Street West, 1th Floor",,ON,Toronto,,M5H3T4
33CD12D,0D47B33,Épufuca 211 Xeutuat Inc.,630 Rue Saint-Paul Ouest,#600,Montréal,QC,Canada,H3C1L9
CD42D7A,728A0D5,Cettuat Connatcuex Service C/O Compuamt,Canada Corporation,"2740 Matheson Blvd East, Unit 1",Mississauga,ON,,L4W4X3
52E7B1C,99F818A,Numuch Taumzutemca Company of Canada,ESTATE MANAGEMENT SERVICES ONTARIO INC,"390 Bay Street, Suite 91",Toronto,ON,,M5H2Y2
657BB54,12F7161,Kammapy Road Tebatmecxa,141 Kennedy Road North,,Brampton,ON,,L6V1X9
5183829,3C7FF81,"Zbuta Wetxuma Limited Bettmatzhub,",c/o Bentall GreenOak (Canada) Ltd.,"1875 Buckhorn Gate, Suite 601",Mississauga,ON,CA,L4W5P1
C5A1F50,C6973FF,UNH BOOX XU LP BB# Q11-90-CWTA3310,"135 West Beaver Creek, PO Box 254",,Richmond Hill,ON,,L4B4R5
0FBBCFF,E221A9A,Zympucet du 66-70 St-Hamtu,56 St-Henri,,Riviere-du-Loup,QC,,G5R3Z5
6B4085B,C4D73A6,209 Fout Valley Limited Bettmatzhub,168-555 West 12th Ave,,Vancouver,BC,,V5Z3X7
919551F,5669C02,Jezz Evuetuom LP,310 Goudey Drive,,Dartmouth,NS,,B2T1M6
AF73FF3,9310C50,Gamatex Eut Systems,17 - 65 Woodstream Blvd.,,Woodbridge,ON,,L4L7X6
9EBEA64,FC34D0F,EC Mechanical Comttectotz Ltd,17-2857 Sherwood Heights Drive,,Oakville,ON,,L6J7J9
36A7229,F552A47,EBCO Industries Inc,81 Tannery Road,PO Box 1120,Lunenburg,NS,,
D24896E,59A4A10,St. Exbatt Chaaza,150 St Paul St.,,St Albert,ON,,K0A3A0
744248C,19F593E,Evame Foopz Ltd.,316 - 1st Ave.,,Regina,SK,,S4N5H2
5B82230,44B0978,BemmatNem Betka,#303-505 Bannerman St.,,Weyburn,SK,,S4H1V5
6F06483,0B91138,Tepuzzom Hotel,249 Queens Quay W.,,Toronto,ON,,M5J2N5
F5E52F4,A4D8B2F,BCC 116,530 Lolita Gardens,,Mississauga,ON,,L5A3T2
FD606E8,91D88C3,Vaxocuty Mechanical Solutions,288 Cornwall Street,,Regina,SK,,S4R2G4
EC0977E,6036189,Camttatowm Cutuzamz of Ottawa Corporation,415 Gilmour St. Suite 200,,Ottawa,ON,,K2P2M8
88FF93A,C3214C6,Hotuzom Mechanical Comttectotz,109 Shorncliffe Road,,Etobicoke,ON,,M8Z5K7
7AEE4ED,A8AB5B0,NTCC 1044  c/o,3196 A Yonge Street,,Toronto,ON,,M4N2L1
699BCEA,0B1168B,Motth Move Zaefoopz,P.O. Box 365,,Pictou,NS,,B0K1H0
D8D99BE,D99616C,Naepowvexa Holdings Limited, Advisors Inc.,40 University Ave.Suite 1200,Toronto,ON,,M5J1T1
7AF7F7D,4E4DBD5,Xobxewz Inc,1 President's Choice Circle,,Brampton,ON,,L6Y5S5
D08FB8E,50C10FB,BNO c/o BGUZ Canada   X  B,4175 14th Avenue,,Markham,ON,,L3R0Y7
A8E86F5,F427B69,Btupgatowm & District Nanotuex Etame,30 Jeffery Rd,,Bridgetown,NS,Canada,B0S1C0
436492D,4851B82,Tanbxatom Properties,5599 Fenwick Street,,Halifax,NS,Canada,B3H1R1
663B7F2,B60BCC1,Gaztuom Bembon,9151 St-Laurent,,Montréal,QC,Canada,H2N1N2
A533E3D,23BF41F,NTCC 845,24 Southport Street,,Toronto,ON,,M6S4Z1
BC8CA38,EB43B4E,B&M Puzttubutotz Limited,"15 Saint Street, Unit 5",,Port Hawkesbury,NS,,B9A3J5
466E32B,FE7E131,The Church Btawumg Co.,329 Main Street,,Wolfville,NS,,B4P1C4
69D9241,DF24A8E,Puthen Region Mom-Btofut Houzumg Corporation,28A Albert Street,,Oshawa,ON,,L1H8S5
8E8FC11,6770C11,XAX Ucomuc Properties Inc.,300 - 2151 Scarth Street,,Regina,SK,,S4P2H8
EB4807B,420B2C6,GWX Taexty Epvuzotz Inc*,PMO S-2,330 University Ave,Toronto,ON,,M5G1R8
37A65D2,F8969E8,OCXCC 723 c/o,434 Queen St,,Ottawa,ON,,K1R7V7
11EF99E,F9F5200,FUATE Taex Estate Cota Fund LP c/o  Coxxuatz,"181 Bay Street, Suite 1400",,Toronto,ON,,M5J2V1
BDF54BE,27E697B,Chetem Property Management,3889 Arcola Ave E,,Regina,SK,,S4V1P5
D3B6C32,A235B1D,1111429 Ontario Inc.,100 - 2600 Finch Avenue West,,North York,ON,Canada,M9M2G4
D48D0C8,65FD70A,Quexuty Comctata Ltd. - Nomctom,648 Edinburgh Dr,,Moncton,NB,,E1E4C6
762AE57,2F8CBA0,Wazt Oek Village xomg Tatn Ceta,2370 3rd Line,,Oakville,ON,,L6M4E2
A9B12FA,2D54B43,Zubatuot Bouxat Wotkz & Waxpumg Ltd.,375 McNeilly Road,,Stonery Creek,ON,,L8E5H4
E91600A,9D66531,Chatucenb Bouxatz,84 Mountain Road,,Cheticamp,NS,,B0E1H0
9892596,D70B5FB,Btookfuaxp Office Properties 10+v12098 + 8184650,"5925 Airport Road, Suite 605",,Mississauga,ON,,L4V1W1
90F4520,09D7664,Town of Vutpam,P.O. Box 310,,Virden,Manitoba,,R0M2C0
B7978F7,4A4D3FB,JXX,"Place Montréal Trust, Le 1500,","1500, av. McGill College",Montreal,QC,Canada,H3A3J5
96F3371,80A5D6D,Zbacttun Gxezaz,"273 Bowes Road, Unit A1",,Concord,ON,,L4K1H8
11EA841,002AAB9,Aquuchan Technologies Corporation,"1520 Trinity Drive, Unit 6",,Mississauga,ON,,L5T1N9
8896C7E,43A3A83,Umfumuta Mechanical,1100 Ambleside Dr,,Ottawa,ON,Canada,K2B8G6
2F6DBD2,49B5EB1,Num. of the District of Guyzbotough,151 Waste Management Road,P.O. Box 85,Boylston,NS,,B0H1G0
610F746,BF7FE88,Beyfuaxp Houza Tatutanamt Xopga Inc.,5 Beck Blvd.,,Pentanguishine,ON,,L9M1C1
F485889,FAF2DDE,NTCC 668,"51 Toro Road, Suite 200",,Toronto,ON,,M3J2A4
DF694CF,52C838B,BCC 645,35 Kingsbridge Garden Cir,,Mississauga,ON,,L5R3Z5
D9E5D20,55C0492,YTZCC 1232,80 Burns Blvd.,,King City,ON,,L7B0B3
1EA0F9C,CD8F0DD,Cobutg Tamtexz Limited,100-49 Friesian Court,,Halifax,NS,,B3M0J8
1D0599C,0CFB11D,Unnaubxa Le 1510 inc.,PO Box 2085 Mississauga B,,Mississauga,ON,Canada,L4Y3W6
FF08269,65CB495,NTCC 1147,238 Doris Avenue,,Toronto,ON,,M2N6W1
E0C963B,8F1D67C,Etxemtuc Beckegumg -,111 Progress Ave,,Scarborough,ON,Canada,M1P2Y9
C809EF7,3250888,CT UU LP As Egamt For 100 Zhabbetp Avenue Aezt,Crown Property Managent Inc.,90 Sheppard Avenue East,Toronto,ON,,M2N3A1
50FFD90,03917D7,224 Nomttaex Road Taguomex Inc.,c/o The Regional Group of Companies,"1737 Woodward Drive, 2nd Floor",Ottawa,ON,,K2C0P9
869F614,B822F25,NTCC 769,1300 Islington Ave,,Toronto,ON,,M9A5C4
78FBB38,7EB74E0,Canadian Xumam & Umufotn Service,891 Progress Court,,Oakville,Ontario,,L6L6K1
29ACB2D,728A924,Buempatua Zemuteuta Inc.,"810, rue St-Georges",,Saint-Jerôme,Québec,Canada,J7Z5C9
5389BF5,2932F90,Nacemuqua BCU,67-B Jean-Proulx,,Gatineau,QC,,J8Z1W2
0F27D41,734D4D1,Épufuca 1165 Tobatt-Boutezze Inc.,"630, rue Saint-Paul Ouest",Bureau 600,Montréal,QC,Canada,H3C1L9
F13180F,3D05819,3325399 MZ Limited,c/o Compass Commercial Realty,"3 Spectacle Lake Drive, Suite 290",Dartmouth,NS,,B3B1W8
9F86EF2,21D39AC,NTCC 1317,55 Bloor St East,,Toronto,ON,,M4W1A9
48FE02B,411DABF,ZHATWOOP COURT,300 RAVINEVIEW DR.,,MAPLE,ON,,L6A3P8
C2763BF,99C2F91,KZ 1245 Bey Street Inc.,130 Bloor Street W. Suite 502,,Toronto,ON,,M5S1N5
BF6EB6A,EE56269,CBNU as Egamtz for Pumpez Apwetp Centre,"90 Sheppard Ave. East, Suite 305",,Toronto,ON,,M2N3A1
6E060CC,15A9876,Cunamt Xecezza Xtaa,48 Montee Laramee,,St-Annes-des-Plaines,QC,,J0N1H0
6A1AB45,4F55DD4,Zetznem Zbottzbxax,110 Wyse Road,,Dartmouth,NS,,B3A1M2
EE686E4,801A70C,Netutuna Btazzuta Wotkz Ltd.,70 Neptune Cres,,Dartmouth,NS,,B2Y0B6
9EE8D00,D8BFE02,UKN Taztumg (Canada) Limited,40 St. Annes Cres,,Paradise,NL,,A1L1K1
1B2709B,1422895,Poxxco Btumt Solutions Group,2340 St. Laurent Blvd.,,Ottawa,ON,,K1G6E3
1A3ACFF,EBAF0E4,F.C.C 21,200-165 Ontario Street,,Kingston,ON,,K7L2Y6
6BD4B21,C97C37C,HCCC #249,"Suite 910, Queen Square",45 Alderney Dr,Dartmouth,NS,,B2Y2N6
1FAC6C9,A3B6320,CBH Neztat Limited Bettmatzhub  Ontario Region - CBH,700-22 St Clair Ave E,,Toronto,ON,,M4T2S5
3D076EE,3071A17,YCC 202,1135 Logan Ave,,Toronto,ON,,M4K3Y2
0423981,DB41B41,Avoque Wetat Technologies Ltd,2045 Drew Road,,Toronto,ON,Canada,L5S1S4
BFA7852,836C96A,Hezaxvuaw Properties,41 Cowie Hill Road,,Halifax,NS,,B3P2M7
A916A86,92E63A9,JAZ Mechanical,350 Avondale Rd,,Newport,NS,,B0N2A0
24E81D1,27791CD,UNH BOOX XU LP BB# Q11-90-ATTA3260,"135 West Beaver Creek, PO 254",,Richmond Hill,ON,,L4B4R5
2B2C1C6,3C58EB5,Pteum-Exx LTD.,3385 Hawthoren Road,,Ottawa,ON,,K1G4G2
DF7B784,550ED66,TZCC Mo. 2696,223 St. Clair Avenue West,,Toronto,ON,,M4V0A5
00330A5,CE04DB1,Comtumuouz Coxout Coet Ltd.,1430 Martin Grove Rd,,Rexdale,ON,,M9W4Y1
C97D104,E5BC247,CCC 735 c/o,"1200 Prince of Wales Drive, Suite D",,Ottawa,ON,,K2C3Y4
7B87DF2,EC3DF2A,Fuate Properties C/O Coxxuatz International,"181 Bay Street, suite 1400",,Toronto,ON,,M5J2V1
EFF2578,2DEE837,BCC 95,1320 Mississauga Valley Blvd.,,Mississauga,ON,,L5A3S9
2BE740E,2E432E5,Zemunex,9900 Bd Maurice-Duplessis,,Montréal,QC,Canada,H1C1G1
AB9216D,6F1A1A5,Vem Pykz Haexth Juuca,696 West Caledonia Rd,RR#1,Caledonia,NS,,B0T1N0
3546D0D,F5F4AF7,Xomgvuaw Evuetuom Properties Inc.,"747 Fort Street,Suite 1100",,Victoria,BC,,V8W3E9
DD9CB38,F7D0E52,Umtatbtovumcuex Naet Service,65 Thornhill Drive,,Dartmouth,NS,,
B8F3835,B73DEAD,Vuctotue Co-Tamemcy,221 Victoria Street,,Toronto,ON,,M5B1T8
5203905,4778646,Zoftweta Xoguztucz Inc.,550 McNicoll Ave.,,Toronto,ON,,M2H2E1
E2C0F2B,2D14334,The Wetat Warehouse,1540 Park Street,,Regina,SK,,S4N4E9
6755E13,1872C28,Btepy and Zaupmat Associates,801 Alness Street,,Toronto,ON,,M3J2H8
DA1D864,C52A1B1,Batttemp Plumbing Haetumg,195 Bay St,,Embrun,ON,,K0A1W1
F804365,AEEF71C,Btuatwoop Getpamz,425 Park Road North,,Brantford,ON,,N3R7G5
B0BBD0B,10C98FB,Xebotetoutaz Onage Xtaa,"11777, rue Hamon",,Montréal,Québec,Canada,H3M3E4
8BAED5B,0D4AE15,Bega Property Management,4007-7071 Bayers Road,,Halifax,NS,,B3L2C2
2BC0DFB,F9FB9F8,TtomoBxezt Technologies Inc.,"Unit A, 321 Parkhurst Square",,Brampton,ON,,L6T5H5
61B6C7C,E99173A,Toyex Plumbing Comttectumg Ltd.,"665 Millway Ave, Unit #51",,Concord,ON,,L4K3T8
2054EF7,026AB6F,Betze Kaxxy / Cetu-Cem Coobatetuva Honaz Inc.,1 Coin St.,,Etobicoke,ON,,M8V3Y9
A876AAB,EB2F990,Numutaneup Company/Feutxufa,781 Lansdowne St W,,Peterborough,ON,,K9J1Z2
05671B8,1838979,"Châtaeu Cettuat Hotel & Tazott, Ezcamp Hotel Coxxact",1170 Chemin d ‘Aylmer,,Gatineau,QC,Canada,J9H7L3
D6D001A,EC12177,GWX Taexty Epvuzotz Inc .,"33 Yonge Street, Suite 1000",,Toronto,ON,,M5E1G4
779B585,04C94B3,J.X. Tuchetpz & Associates,864 Lady Ellen Place,,Ottawa,ON,,K1Z5M2
DA432F2,B5F05A9,BXECK & NCPOMEXP LIMITED,31 Pullmand Court,,Scarborough,ON,,M1X1E4
63B8252,0AFE539,Baunet Haetumg & Eut,94 Queen Charlotte Dr,,Kithcener,Ontario,Canada,N2E3N6
49355EF,B2E8530,Motthen - UE (QQT) Co-tamemcy,207 Queens Quay West,Suite #141,Toronto,ON,,M5J1A7
DF3434A,F573CF0,EAN Ltd.,"60 Dorey Avenue, Suite 103",,Dartmouth,NS,,B3B0B1
B103726,498ADA6,Joa'z Autobaem Paxu & Cetatumg,775 Ross Ave E.,,Regina,SK,,S4N4W5
BA7CFFC,707511C,Xaft Fuaxp Btawaty,36 Wagstaff Drive,,Toronto,ON,,M4L3W9
29411B6,86A959A,Eutunm HVEC Inc,613  Irwin Crescent,,Newmarket,ON,,L3Y5A1
3F803D7,6130F91,NatCeb Xuvumg Properties Inc.,5005 Dundas Street West,,Toronto,Ontario,,M9A4Y5
7F7706E,E3E2F04,BZCC 781,4090 Living Arts Drive,,Mississauga,ON,,L5B4M8
5366E42,3595541,Emguz Consulting Management Limited,1125 Leslie Street,,Toronto,ON,Canada,M3C2J6
77358D2,A386C0F,Tagamt Park Connumuty Haexth Centre,465 Dundas St. E.,,Toronto,ON,,M5A2B2
617B837,7ABB7B9,TBZGC - Zemté Canada,"1001, rue St-Laurent",,Longueuil,QC,Canada,J4K1C7
11BD09B,E3A7474,Numucubexuty of Cxeta,PO Box 458,,Littlebrook,NS,,B0W1Z0
2C41A8D,4075E6D,BAN LP (Agxumtom) c/o Zeppxabtook Construction,Suite 401-7300 Keele Street,,Concord,ON,,L4K0E5
C2F725F,80FDA74,Exxuap Properties Management Limited Bettmatzhub,134 Peter Street,,Toronto,M5V 2H2,,
84D0970,ABA15FB,Thebzopy Property Management Services,33 King Street,,York,ON,,M9N1L1
C231D9A,F177C3E,Gteca Umutap Church,210 Third Street North,,Weyburn,SK,,S4H0W6
55943D0,7B621D1,The Canada  Xufa Ezzutemca Company,BOX 199 1 Adelaide ST E,,Toronto,ON,,M5C2V9
83AC625,A583327,2236 Pawpmay Holdings,2226 Dewdney Avenue,,Regina,SK,,S4R1H5
E6A7535,810AE90,CBNU as egamt for 5010 Yomga Street,5000 Yonge Street,Suite 1703,North York,ON,,M2N7E9
B3FB8FA,86CE25E,Btepxay Mechanical Services,1105 Britannia Rd. E.,,Mississauga,ON,,L4W3X1
DF88769,84389F5,"Xomgvuaw Evuetuom Properties Inc.,",100-5750 Explorer Drive,,Mississauga,ON,,L4W0A9
6530084,A4974C3,Howxumg Eut Mechanical Inc.,"14-3650 Langstaff Road, Suite 392",,Woodbridge,ON,,
A924723,61A0650,Nattz (NJ) Holdings Inc,Box 1234,,Weyburn,SK,,S4H2L5
BFB29D9,9039B63,Gao E. Kaxzom Company Ltd.,2 Bales Drive West,,Sharon,Ontario,,L0G1V0
0ACB5AD,43E470A,JJX Ztotega & Xoguztucz,445 Winnipeg Street,,Regina,SK,,S4R8P2
51EA865,F45A369,BCC 201,50 Elm Drive,,Mississauga,Ontario,,L5A3X2
AA52F5C,7E74311,X’équuba de gaztuom unnobuxuèta Xeucemptuqua,4305 boul Lapinière,bureau 100,Brossard,QC,Canada,J4Z3H8
B31C33E,604BF9D,Henuxtom Znuth Limited,280 Jameisonbone Road,,Belleville,ON,,K8N5S8
47A5B45,1361C2E,Cégab de Zeumt-Jétôna,"455, rue Fournier",,Saint-Jérôme,Québec,Canada,J7Z4V2
8E3C782,FA7C483,Gtey Tooxz Canada,299 Orenda Road,,Brampton,ON,,L6T1E8
93DF5CD,F190B76,Jutzu Wetat Technologies,PO BOX 280,525 Wright Blvd,Stratford,ON,,L5A6T1
183BD1E,21621F2,YOMGA/MOTTOM HOLDINGS LIMITED,"2 Carlton St., Suite 909",,Toronto,Ontario,,M5B1J3
F3E7C1C,203641D,Xet-Nax Mechanical,4-5509 Canotek,,Ottawa,ON,,K1J9J8
FEA14C0,218AF56,Camtutuom Property Associates Inc.,25 Sheppard Av. West,Suite 1800,Toronto,ON,Canada,M2N6S6
EC86A5E,F6FD6BB,Jaffxum Umvaztnamtz,85 Spy Court Suitem 100,,Markham,ON,,L3R4Z4
0ED2E57,908C716,Guaxbh Nemufectutumg Group Inc,39 Royal Road,,Guelph,ON,Canada,N1H1G2
C7C55CD,B21ABE4,NcMeutm Beckegumg,125 Consumers Drive,,Whitby,ON,,L1N1C4
04EB302,62BEAE9,Panemp Eut,"7065 Pacific Circle, Unit 10",,Mississauga,Ontario,,L5T2H4
D9A775F,973E8E5,6881540 Canada Inc.,460 Greber #222,,Gatineau,QC,Canada,J8T6C7
1162B57,787DEE2,Znuth & Xomg,115 Idema Road,,Markham,ON,,L3R1A9
E085DC0,CFD8B57,Axzet Construction Inc.,21 Sable Street,,Toronto,ON,,M6M4K8
1E5A00B,033D514,Zugmetuta Aztetaz,122 Government Road,,Weyburn,SK,,S4H0P1
78893ED,3A7EB5F,"BZZ, TBB & CXEC",300-1 City Centre DR.,,Mississauga,ON,,L5B1M2
3402FDC,827D8A1,HCCC #295 c/o,61 Prince Albert Road,,Dartmouth,NS,,
0B2C7B3,844C520,Coox Chack Eut Computuomumg,"25 Coronet Rd, Unit 4",,Etobicoke,ON,,M8Z2L8
4F21D2F,98C099D,bcUNC Taexty Corporation c/o QuepTaex Property Group,1920 - 199 Bay Street,P.O. Box 101,Toronto,ON,,M5L1E2
6FDA7F1,9BB5CDC,Cetxatom University,275 Grove Street,Suite 3-200,Auburndale,MA,USA,02466
453435E,76686A2,EC Puzbamzumg Equipment,100 Dispensing Way,,Lower Sackville,NS,,B4C4H2
00CABFA,2F30203,A.J. Wexzh,3091 Jarrow Ave,,Mississauga,ON,,L4X2C6
9E17E79,2D8F173,5835 Axbxotat Drive X.B.  BamtexxGtaamOek,"10 Carlson Court , Suite 500",,Toronto,ON,,M9W6L2
093BD77,3850FE7,TZCC 1854,15 Windermere Ave.,,Toronto,ON,,M6S5A2
15C1A05,93642DD,Tazatvout Properties Ltd.,236 Metcalfe Street,,Ottawa,ON,,K2P1R3
3CC848D,D014E3E,TZCC 1597,153 BEECROFT ROAD,,TORONTO,ON,,M2N7C5
AC7F4F4,B9B4D79,Namkaz Umuom Towat Inc.,"4711 Yonge Street, Suite 1400",,Toronto,ON,,M2N7E4
78397F9,03AC368,Wevatxy Nemot,#100 - 1830 College Ave,,Regina,SK,,S4P1C2
7DB2D92,7AAF9AD,Joax Mechanical Inc.,467 Edgeley Blvd. Unit 2,,Concord,ON,,L4K4E9
FC9F524,553FF56,"Tattezzaz du xec, Bheza 12 E/Z Zogaco J.B. Inc",CP 24525 CSP Rome,,Brossard,QC,,J4W3K9
4ED4457,F33AA61,Pazugm Eut Cxunetaceta,140 Doncaster Ave. Unit 8,,Thornhill,Ontario,,L3T1L3
343B494,F147F74,Zofume Foopz Inc. (Nuzzuzzeuge),3340 Orlando Drive,,Mississauga,ON,,L4V1C7
E1760C2,E4C6326,Noumt Pevuzvuxxa Properties Inc,108-250 Davisville Avenue,,Toronto,ON,,M4S1H2
D91148B,7FB7C63,CAMTAMMUEX PARK PLACE,25 Centennial Park Road,,Toronto,ON,,M9C5H1
B2F8D9D,14C7FA7,KZ 287 Bxaezemt Street Inc.,50 Garland Avenue,Unit 2,Dartmouth,NS,,B3B0A3
5430FC9,26A54D5,Namkaz 110 Quaamz Quey Aezt Ltd.,"4711 Yonge Street, Suite 1400",,North York,ON,,M2N7E4
5EC30FE,A35B2DC,Gtempvuaw Chuxptam'z Centre,"600 Townline Road, South",,Oshawa,ON,,L1H0C8
7638A6B,3504A1B,Unnobuxueta Xeucemptuqua,4305 boul Lapiniere #100,,Brossard,QC,Canada,J4Z3H8
6A07440,0D47B33,Épufuca 1090 Baevat Hexx Inc.,630 Rue Saint-Paul Ouest,#600,Montréal,QC,Canada,H3C1L9
3DDE93F,AB0C85B,1132 International Monumaa Inc.,2275 Upper Middle Road East Suite 700,,Oakville, ON,,L6H0C3
194E028,3D39262,Comgabac,"Unit A, 1555 Cheverier Blvd",,Winnipeg,Manitoba,,R2T1Y7
8062095,BEF7720,Qu'Ebbaxxa Apartments,"2161 Scarth Street, Unit 200",,Regina,SK,,S4P2H8
2FA3E66,3D4B477,BCC 169,7-201 Director Court,,Vaughan,ON,,L4L4S5
1E17A4B,6E938AF,Maztxa Canada Inc,PO Box 250,,Oshawa,ON,,L1H7N1
0A1D41A,66464FF,Collège de Nomttéex,"1931, rue Sherbrooke Ouest",,Montréal,QC,Canada,H3H1E3
F3AD455,71FA5E0,Ttema Canada UXC - MZ,PO Box 2380,,Davidson,NC,,28036
3A9BE0E,9A01903,TZCC 1506,1-3 Rean Drive,,North York,ON,,M2K3C2
DE35E82,C21E7DD,Gaztuom Unn-Tach,"9350, rue de l`Innovation, bureau 200",,Montréal,QC,Canada,H1J2X9
EF23210,7106D80,Baxfuaxp Umvaztnamt Corporation,77 Belfield Road,,Toronto,ON,,M9W1G6
754AA04,723F1DD,CHAN ACOX,640 Victoria St,,Cobourg,ON,,K9A5H5
EC2DD58,C4EC622,The Toyex Ottawa Goxf Club,1405 Alymer Road,,Gatineau,QC,Canada,J9H7L2
3659A0E,49C5F5D,Cetnucheax Amgumaatumg,875 Foster Ave.,,Windsor,ON,,N8X4W3
6253FA6,D974B91,Nebxatupga Mechanical Comttectumg Inc,939 Dillingham Road,,Pickering,ON,,L1W1Z7
AE0A977,A8AB5B0,NTCC 1364  c/o,3196 A Yonge Street,,Toronto,ON,,M4N2L1
E0D66F9,68BB965,FATGUZ PLACE,164 FERGUS AVE,,KITCHENER,ON,,N2A2H2
08E56B9,1F1603B,Vatnomt Square,914 Bathurst Street,,Toronto,ON,,M5R3G5
05A9145,2078957,City Cota Mechanical Ltd.,813 Brock Rd. Unit 5&6,,Pickering,ON,,L1W3L8
4F3095A,A26A2AC,CXUC & CXEC,Mezzanine Level,444 Yonge ST,Toronto,ON,,M5B2H4
60346EF,B25861D,COMZTUTUTUOM PLACE TATUTANAMT HONA,3051 CONSTITUTION BLVD.,,MISSISSAUGA,ON,,L4Y2Z1
46FDB7B,1B2E83F,TATTE,383 Morrison Road,, Oakville,ON,,L6J4K3
16BE70C,8D324DF,U.G. Umvaztnamt Management Ltd,(Ontario) Ltd.,"55 University Avenue, Suite 102",Toronto,ON,,M5J2H7
45205D8,C1B8729,Haet Eut Mechanical,207 Edgeley Blvd. Unit 29,,Concord,ON,,L4K4B5
5137A75,5E3C806,Xempe Kammapy Office Limited Bettmatzhub,Management Ltd.,812/4936 Yonge Street,Toronto,ON,,M2N6S3
84901DF,86E3311,Amvuto Commaxuomz,4141 Grande Allee,Shop Dept.,Boisbriand,QC,,J7H1H7
A7867AC,BDFB45F,Exaefue Haexth Inc. (fotnatxy Anbxan,85 Basaltic Road,,Concord,ON,,L4K1G4
AEF84C2,21E70B5,Cxunetuzetuom Beuxeut Inc.,"120-50, Boul. Taschereau",,La Prairie,QC,Canada,J5R4V3
CFEDA9F,FD63FB4,ENBATVUAW MECHANICAL & PLUMBING,93 AMBERVIEW DRIVE,,KESWICK,ON,,L4P3Y4
62B0FA5,575B46B,CUZZZ de Xevex - Conbtebuxuta,"1515, boul. Chomedey",,Laval,QC,Canada,H7V3Y7
96FE3AE,3552F08,Pax Property Management - Evemu,255 Village Green Square,,Scarborough,ON,,M1S0L1
122D1E1,F070FED,Gxamm Tuchetpzom Plumbing & Haetumg Ltd,2413 Industrial Street,,Burlington,ON,,L7P1A6
FAC15F3,125D9A6,GFX Amvutomnamtex Inc. (Tattebuta),660 MacElmon Road,,Debert,NS,,B0M1G0
7B5DC19,DC321FB,Namkaz Property Management Services LTD.,4711 Yonge Street,Suite 1400,Toronto,ON,,M2N7E4
CBF63ED,72D39D0,Les Toutz du Betc Waztnoumt,"4700, rue Ste-Catherine Ouest",,Westmount,QC,Canada,H3Z1S6
6525DEB,DC5F73F,Tutchua Faap and Zaap,1390 Windmill Lane,,Ottawa,ON,,K1B4V5
D6C14B4,77F7048,ZOMAUX VEUGHEM INC. O/E ZOMAUX,46 West Drive,,Brampton,ON,,L6T3T6
22217FC,FCC1C9A,Haxbatg Properties Limited,"235 Carlaw Avenue, Suite 403",,Toronto,ON,Canada,M4M2S1
777505F,2D47B66,P.H. Jutzu Limited,279 Lorne Ave,PO Box 280,Stratford,Ontario,,N5A6T1
865ADB5,F04144D,Epvemcap Habe Technologies Inc.,2601 Matheson Blvd E.,Unit #12,Mississauga,ON,,L4W5A8
148F0AD,EFEB62B,YCC 153,Millgate Manor,303 Mill Road,Etobicoke,ON,,M9C1Y5
1BC4397,E5299BF,2344711 Ontario Ltd. c/o GWX Taexty Epvuzotz Inc.,330 University Avenue,PMO S-2,Toronto,ON,,M5G1R8
0BA3841,8EDC2A2,Heez Group Canada Inc.,PO Box. 2219,,Frazer,PA,USA,193550818
D2D4C4F,4F6987C,ZezkAmatgy Incorporated,1777 Victoria Ave,,Regina,SK,,S4P4K5
4C8FF5E,A60D1AE,Xobxewz Inc.  (Hughwey 17 & Emzxay 2014),# 96,1275 Rymal Road East,Hamilton,ON,,L8W3N1
A7671AA,D79AF76,Nopatm Muegete Building Service,695 Flint Road,,Toronto,ON,,M3J2T7
85C1067,6451F44,ONYE Canada Inc.,18595 HWY 7 West,,Perth,ON,,K7H3C6
792BE91,4210380,21 KUMG AQUUTUAZ INC. c/o JOMAZ XEMG XEZEXXA,11 King Street West,,Toronto,ON,,M5H4C7
6342C33,28E7527,TZCC 1610,80 Harrison Garden,,North York,Ontario,,M2M7E2
38F61D5,6934A98,Thatno Coox Mechanical,15 Airview Road,,Etobicoke,ON,,M9W4P1
A8B24B6,6D56F3A,Tuchnomp Umvaztnamtz ON,4715 14th Avenue,,Markham,ON,,L3R0Y7
210AF69,CA20847,Ummocom Connuzzuomat-,535 Commissioner Street,,Toronto,ON,,M4M1A5
B3D6F85,0BB3E09,TZCC 1669,2087-2095 Lakeshore Blvd. W.,,Toronto,ON,,M8V4G3
8052C49,B388F46,Hamptuckzom Zbtumg Zttetfotp,,532 Romeo St.S.,Stratford,ON,,N5A4V4
1A6CB4D,468673E,Canada Cempy Company e division of,555 Steeprock Drive,,Toronto,ON,,M3J2Z6
6DA0C59,D4EFBF5,Zxeta Office U X.B.,NXS#v0001250/E6203,"181 Bay Street, Suite 1400",Toronto,ON,,M5J2V1
2CC13A4,F9F5200,Zxeta Office UU X B,"181 Bay Street, Suite 1400",,Toronto,ON,,M5J2V1
05A0EDE,599A89B,710 University Inc. c/o Ttuovazt Taexty Epvuzotz Inc,"40 University Ave.,Suite 1200",,Toronto,ON,,M5J1T1
B4A499E,7C57170,Zaguum Nottuz,"1590 Liverpool Court, Unit 8",,Ottawa,ON,,K1B4L2
6CD885E,0D6E88C,City of Hewkazbuty,600 Higginson St.,,Hawkesbury,ON,,K6A1H1
12F757C,23F75F5,Eut Canada Facility,601 Barnes Rd.,,Enfield,NS,,B2T1K3
84B2567,BF5646C,Chugmacto-Camttex Taguomex Centre for Apucetuom,60 Lorne Street,,Truro,NS,,B2N3K3
9D87206,B691473,H12Fxow Equipment Inc.,580 Oster Lane,,Vaughan,ON,,L4K2C1
631A1C8,5D4C470,Pemtupga Property Management,33 Elm Drive West,,Mississauga,ON,,L5B4M2
0FD39D4,F07E93B,Ontario Cooxumg Towat Services,4850 Second Line,,Schomberg,ON,,L0G1T0
20015C4,70B4A0D,Aeztatm Ontario Taepy Nux,630 County Road 17,,Hawkesbury,ON,,K6A2R2
25CA5B5,E591F59,Axacom Construction and Zoxet,1104 Des Cerisiers St.,,Rockland,ON,,K4K1K9
E587242,929D64B,Connatcuex Mechanical Services Ltd.,"2721 Markham Road, Unit 10",,Scarborough,ON,,M1X1L5
D9A5209,C916853,Fetmhen Court Properties,275 Innovation Drive,,Bedford,NS,,
F6631F9,FCEB347,YWCE/Axn Centre,87 Elm Street,,Toronto,ON,,M5G0A8
BCEF999,2326036,Emexytuqz Inc.,9452 Boulevard du Golf,,Anjou,QC,,H1J3A1
87DD9DA,68DB3F5,NJ (4960 Yomga) LP,812 Lawrence Avenue West,,Toronto,ON,,M6A0B5
4513D9B,6E2BE88,NTCC 758,1320 Islington Ave,,Toronto,ON,,M9A5C6
EBA9F2F,8CF0BE6,Hatutega Chocoxeta Limited,P.O. Box 887,72075 2138,Moncton,NB,,E1C8N8
95B08F3,623F202,BGUZ UTZ Canada Ltd.,5509 Canotek Rd #4,,Gloucester,ON,,K1J9J8
622C2AB,6148338,Eca Mechanical Limited,3016 Monaghan Drive,,Halifax,NS,,B3K2V9
68411D0,DEDE03E,Jeypa Mechanical Inc.,151 Albion St.,,Brantford,ON,,N3T3M8
93D5E04,5A63276,Nythoz Developments Ltd,150 Solution Dr.,,Halifax,NS,,B3S0E5
2899F99,8D24A4E,GWX Taexty Epvuzotz Inc..,330 University Avenue,,Toronto,Ontario,,M5G1R8
343864F,715A75A,YNCE - ZEZK,5939 Rochdale Boulevard,,Regina,SK,,S4X2P9
5171C4A,F94B161,Umfuxtatap Btawumg Inc.,6041 North Street,,Halifax,NS,,B3K1P1
B30CC3C,587DAAF,Zezketchawem Haexth Euthotuty - Tagume,2180 23 Ave,,Regina,SK,,S4S0A5
5978ACF,70C9EF9,BtoWaztatm Mechanical,"3703 Mitchelmore Avenu, #10",,Saskatoon,SK,,S4P0C5
19842F7,FB0B380,Utvumg Zhubbuuxpumg Inc,300 Union Street,PO Box 5777,Saint John,NB,,E2L4M3
116963F,528C2BC,Baxx Canada C/O,ATT Accounts Payable,PO Box 3521,Markham,ON,,L3R0N4
D1C28B1,F136C01,Bxeck & NcPomexp *,2460 Don Reid Drive,,Ottawa,ON,,K1H1E1
379A789,F2023E9,510  XZ  Limited  Bettmatzhub,NXS #: 1259946 - 32121,700-22 St Clair Ave E,Toronto,ON,,M4T2S5
5E668DD,D1ECD76,Tagume Xekawoop Village Compo Corp,203 - 1130 N Radway Street,,Regina,SK,,S4X4J5
2E89386,0E6A178,Boetpwexk Gamatex Bettmatzhub,"200, 1501-1 Street SW",,Calgary,AB,Canada,T2R0W1
BD7F2B2,278FD59,Buctou Coumty Waxxmazz Centre,2756 Westville Road,,New Glasgow,NS,,B2H5E6
D23CF84,B3476ED,Bxua Solutions Canada Inc.,Service des Comptes Payables,1600 rue de Coulomb,Boucherville,Quebec,Canada,J4B2Z7
3BA644A,03A7892,Cetnucheax Amgumaatumg Ltd.,3151 Lenworth Drive,,Mississauga,ON,,L4X2G6
1C7C8C5,57BE312,T.K. NecPomexp Mutzumg Hona,64 Pleasant Street,,Antigonish,NS,,B2G1W7
965CA40,E4D2B57,Canadian Metuomex Teuxwey,1 Administration Road,,Concord,ON,,L4K1B9
94BA188,866BF04,Butmec Btopuca Limited,80 Zenway Blvd.,,Vaughan,ON,,L4H3H1
9C48142,C13E1E2,Kemazhuu Vumyx Btazz,61 Watts Avenue,,Charlottetown,PE,,C1E2B7
33063C1,323BB4D,Waztwoop Group,"5881 Spring Garden Road, Suite 100",,Halifax,NS,,B3H4S3
E5E24A0,A2C6BEE,Vuxxa de Getumaeu,Travaux publics et environnement,"C.P. 1970, succ. Hull",Gatineau,QC,,J8X3Y9
4F516A9,F4C4582,110 CVPW LP,100 Commerce Valley Drive W.,,Markham,ON,,L3T0A1
3C4A296,BB1B243,Pougxez Plumbing and Haetumg,Box 42,,Vibank,SK,,S0G4Y0
B9BDC52,81A1A6D,"TBB UMVAZTNAMTZ  INC., BZZ UMVAZTNAMTZ INC.and THE",COMPANY by their agent GWL Realty Advisors Inc.,300-1 City Centre Drive Suite 300,Mississauga,ON,,L5B1M2
78DAEE9,C791FF9,Eteuco Canada Limited,"515 River Crossing Drive, Suite 110",,Fort Mill,SC,USA,29715
CFDC0E0,08FC438,Vaomaat Canada Zefaty Systems Inc.,7455 Birchmount Road,,Markham,ON,,L3R5C2
4245752,CCEEA63,XAV MYC LP,700 LAWRENCE AVE WEST SUITE 375, WEST OFFICE TOWER,TORONTO,ON,,M6A3B4
5CA8873,1CB804F,Hompe Canada Inc.,180 Honda Boulevard,,Markham,ON,,L6C0H9
20D4281,F1C80BB,MOTTHTUPGA,496 POSTRIDGE DRIVE,,OAKVILLE,ON,,L6H7A2
FE4225E,BA5F812,ZPC Xoftz des Ettz,3410 rue Galt Ouest,,Sherbrooke,QC,Canada,J1H0A5
7A4D311,44C37A9,PXB/Metbto,10685 - 176th Street,,Edmonton,AB,,T5S1G5
E29B970,DD96802,Bozcovuxxa,Pavillon Hôtel-de-Ville,"10950, boul. Perras Est",Montréal,QC,Canada,H1C1B3
49A82BF,D88A294,2305098 Ontario Inc.,"60 Columbia Way, Suite 116",,Markham,ON,Canada,L3R0C9
6098C0D,3AA22A2,Honaztaep Land Holdings.,"5555 North Service Road, Suite 200",,Burlington,ON,,L7L5H7
A266ABC,82CCD01,Panemp Eut Systems Ltd.,164 Trowers Rd,,Woodbridge,Ontario,,L4L5Z3
938318F,DFEB79A,Znett Building Services - W/O,6-14845 Yonge St. Unit 332,,Aurora,ON,,L4G6H8
3BB4450,D26F5C3,Nopatm Muegete Ottawa,85 Denzil Doyle Court,,Kanata,ON,,K2M2G8
4E705D9,D6D6AD2,Btagg Cxaematz Teuxotz & Futtuatz Amt Ltd.,1947 Albert Street,,Regina,SK,,S4P2T5
8AE2359,76397EE,TZCC 2348 c/o Pax Property Management,300 Front St W &,20 John St,Toronto,ON,,
51629AF,A68EEFC,Eumzwotth Inc.,6300 Viscount Rd.  Unit 1,,Mississauga,ON,Canada,L4V1H3
39A9B78,9D23A18,Ttua Motth Connatcuex LP,603 - 5775 Yonge Street,,Toronto,ON,,M2M4J1
BD6468C,77C38A6,Hotuzom Property Management Inc.,1029 King St. W.,,Toronto,ON,,M6K3M9
8A16DDB,4BCC3E2,A.B.N. nécemuqua,Lise Berard,"2425, Michelin",Laval,QC,Canada,H7L5B9
3C02152,240CEE6,Numto X18 Inc.,2239 Yonge Street,,Toronto,ON,,M4S2B5
9DC114E,A235B1D,1650 Xewtamca Avenue Wazt,100 - 2600 Finch Avenue West,,North York,ON,Canada,M9M2G4
39FE833,0265F44,Vuctotue CO-OB Fuzhatuaz,247 New Haven Road,,Neil's Harbour,NS,,B0C1N0
3070A3E,5193C4B,Anbuty Company,6577 NorthWest Dr,,Missisauga,ON,,L4V1L1
10BB66B,94A5E04,Les Industries de nouxega Boxycaxx Inc,454 rue Édouard,,Granby,QC,Canada,J2G3Z3
36AC87B,7FDD6D5,Notguetp MET Canada X.B.,"55 City Centre Drive, Suite 1000",,Mississauga,Ontario,,L5B1M3
6D11C8F,4F354A6,Hugh Vexua Comzuxtemtz,121 Harbord Street,,Toronto,ON,,M5S2L2
7DED7FE,1FF49C9,Zouth Tuvatpexa C.H.C,955 Queen St. E.,,Toronto,ON,,M4M3P3
ED5AD79,6E1C666,143 Kumg Street Aezt Inc.,"2 Carlton Street, Suite #909",,Toronto,ON,,M5B1J3
F78A7EE,E267E2D,Appy Apartments,1901 14th Ave,,Regina,SK,,S4P0X4
62C2340,2C065FD,Ethox Nuttey College of Motta Pena,Box 100,,Wilcox,SK,,S0G5E0
3B8AC6F,1EC0E87,Tenepe Bxeze,1818 Victoria Avenue,,Regina,SK,,S4P0R1
086F207,89A96AB,The  Canada  Xufa  Ezzutemca  Company,803-5160 Yonge ST,,Toronto,ON,,M2N6L9
48FEA87,D93A599,Numucubex Enterprises Limited (Paxtat Comztuctuom),927 Rocky Lake Drive,PO Box 48100,Bedford,NS,,B4A3Z2
143C154,CBB0B50,Btanmat'z Plumbing & Haetumg Ltd.,40 Ash Lake Crt,,Halifax,NS,,B3S1B7
3A638F3,1D1250F,Quaam Square Pavaxobanamt Ltd.,"45 Aldernet Drive, Suite 910",,Dartmouth,NS,,B2Y2N6
8E3CD58,B584962,Exunamtz Xavuttz Inc,"7070, St- Patrick",,LaSalle,QC,,H8N1V2
BB0D72C,333BF83,Peme Canada Corp. (Chethen Bxemt),1010 Richmond St.,,Chatham,ON,,N7M5J5
74A77DF,52A98E3,Btacuzuom Comcabtz,310 Matheson Blvd E.,,Mississauga,ON,,L4Z1P5
3E3866D,65300E0,Les Btezzautz de Nomtabaxxo,459 Sainte - Elisabeth,,Montebello,QC,,J0V1L0
70F2F7C,6A56466,Ebotax Inc. - AZO Building,50 Steinway Blvd,,Etobicoke,ON,,M9W6Y3
D340A93,8A05B99,KETA,"1 Longbridge Rd., 2nd Floor",,Thornhill,ON,,L4J1L4
7F636F1,1524740,Zemofu Beztaut Ltd. -,1755 Steeles Ave West,,Toronto,ON,Canada,M2R3T4
E7CA969,FAF2DDE,TZCC #2205,"51 Toro Road, Suite 200",,Toronto,ON,,M3J2A4
559B184,5261470,2011 & 2015 Zhabbetp Ave. Aezt LP c/o Teyxot+,"2001 Sheppard Ave. E., Suite 204",,Toronto,ON,,M2J4Z8
5D0F3D0,2530DB8,HOOBB Taexty Inc. c/o,"Exchange Tower, 130 King Street West","Suite 1710, PO Box 486",Toronto,ON,,M5X1E5
9134C46,D658E2A,Po Xobztat,1319 Main Road,,Eastern Passage,NS,,B3G1M4
C969BB5,762330A,Jeckxym Industries,119 WILKINSON ROAD,,BRAMPTON,ON,,L6T4X1
3992801,D47A06B,NTCC 816,22 Southport Street,,Toronto,ON,,M6S4Y9
12C9B94,1AD60A9,OCZCC 892 The Comtumamtex,75 Cleary Avenue,,Ottawa,ON,,K2A1R8
1AB6CA8,1AEF195,Fottumoz-Hwy 17 & Emzxay,3940 Hwy 7,,Vaughan,ON,,L4L1A6
A63527E,8DA9863,Vamtuxebac,"1955, voul. Saint-Elzéar ouest",,Laval,QC,Canada,H7L3N7
6227576,2A930FF,Vutoxu Plumbing and Haetumg,2583 Kline St,,Halifax,NS,,B3L2X6
5E3DDB5,39C72E3,Haettxemp Tatutanamt Tazupamca,47 Riverside Gate,,Okotoks,AB,,T1S0J2
DBEA62E,6DBE77F,Ztempetp Xufa,"5255 Yonge Street, Suite 600",,North York,Ontario,,M2N6P4
A36A625,6455C77,HCCC #378,,33 Alderney Drive #350,Dartmouth,NS,,B2Y2N6
93F041A,DC9819B,Comttoxxap Amvutomnamt Technologies Ltd.,299 Knottwood Road,,Edmonton,Alberta,Canada,T6K2G5
065976F,29C26A4,Xockatbua & Hoxa  Comttectumg Ltd.,6491 Northam Drive,,Mississauga,Ontario,,L4V1J2
37BFA4D,C58E4EC,Nebxa Ttaet Corporation (The),1150 Rue Arthur-Denis,,Granby,QC,Canada,J2J2B8
155EC08,4D70933,OCZCC 780 c/o,(CMRAO),434 Queen Street,Ottawa,ON,,K1R7V7
98195C2,C3DC62A,Bug Tug Btawumg,2705 A Iris Street,,Ottawa,ON,,K2C1E6
C8F6B50,FA3782C,Cooxtowm Cxuneta Comttox Corp.,310-7270 Woodbine Ave,,Markham,ON,,L3R4B9
DB2FBF5,0D21D57,Btookfuaxp Properties Canada Management  LP,c/o Yardi PayScan Processing Centre,"5925 Airport Road, Suite 605",Mississauga,ON,,L4V1W1
C21372B,82CD151,Zubat-Bufft Zmeckz Corp.,880 Gana Court,,Mississauga,ON,,L5S1N8
BB33ADF,38C7B9F,TZCC 2041,2885 Bayview,,Toronto,ON,,M2K0A3
B8DBD4F,4EB6766,Comcabt JTC Inc.,454 rue Edouard,,Granby,QC,Canada,J2G3Z3
FDF82BB,7CE4CF1,The Waxxumgtom Club,8281 Yonge St,,Thornhill,ON,,L3T2C7
FA4B8B7,5F91BC6,BNO c/o BGUZ Canada LP.-_,4100 Gordon Baker Road,,Scarborough,ON,,M1W3E8
CD1A31B,F950E3E,O&Y Amtatbtuza,"20 Norelco Drive, Suite 500",,North York,Ontario,,M9L1S2
FDC8903,FBD9599,Towmzhub Motth Gxamgetty Exaxemptue,90 Main St. North,,North Glengarry,ON,,K0C1A0
82662F4,DC321FB,Oma Yotk Street Inc.,4711 Yonge Street,Suite 1400,Toronto,ON,,M2N7E4
503C20F,1DA287C,Hammug Property Management,139 Angust Road,,Regina,SK,,S4R6G3
F5E57B4,8495B2A,Notguetp Residential Properties (11) Inc.,1400-505 3rd St. SW,,Calgary,AB,,T2P3E6
E97F524,E421A15,Gemttax,12 Barr Road,,Ajax,ON,,L1S3X9
4116778,FD1ED8F,Etxez Coxp Ztotega,10 Garyray Drive,,Toronto,ON,,M9L1P1
BB29C71,C1EC339,Tupgavuaw XTCC,385 Highland Rd West,,Stoney Creek,ON,,L8J3X9
4EC8461,8EB0EAE,Totex Bopyceta Inc.,120A Van Kirk Drive,,Brampton,ON,,L7A1B1
E64D1E0,6114040,The Canada Xufa Ezzutemca Company,"5160 Yonge Street, Suite 803",,Toronto,ON,,M2N6L9
54629AA,546CF76,Btanuat Pty Cxaematz,1020 Merivale Drive,,Ottawa,ON,,K1Z6A5
BF01C3C,83B7922,Gettuzom Btawumg Co.,1096 Marginal Road,,Halifax,NS,,B3H4N4
74E4FFC,7904D32,TZCC 2484,2 Old Mill Drive,,Toronto,ON,,M6S0A2
3F7CB30,D85FEBA,Vage Holdings,150 Solutions Drive,Suite 100,Halifax,NS,,B3S0E5
B108B43,BEF430C,MZ Pabt of Ttemzbottetuom & Umfte Tamawex - Hexufex,P.O. Box 186,,Halifax,NS,,B3J2N2
859C92D,7347E53,Chouca Properties Limited Bettmatzhub,700-22 St. Clair Avenue East,,Toronto,ON,,M4T2S5
0D48440,A17CE13,Axcax Cxunetuzetuom,4915 boul. Sir-Wilfrid-Laurier,,Saint-Hubert,QC,Canada,J3Y3X5
8059907,48C570A,Zaewey Yetmz Limited,3320 Loyalist Street,,Cornwall,ON,Canada,K6H6C8
5405A19,12E9EBC,Cobbat Valley Mechanical Ltd.,2151 Coutlee Ave,,Merritt,BC,,V1K1B8
2C06BCB,6647160,Comtumamtex Nuzhtoon,2545 9th Line Road,,Metcalfe,ON,,K0A2P0
4B319A8,A208CD8,EExxztet Plumbing and Haetumg inc.,1570 Blair Road,,Ottawa,ON,,K1B3K7
D06FDF1,04C1FC6,Nécemuqua BCU,95 Boul De La Technologie,Local 113,Gatineau,QC,Canada,J8Z3G4
B5EF994,D08FF74,Zemte Netue Zamuot Cutuzamz Hona,4215 Regina Ave.,,Regina,SK,,S4S0J5
0DBAF51,7EA17DB,Umuvatzex Property Management,4th Floor - 1900 Barrington Street,,Halifax,NS,Canada,B3J2P8
7CE1628,D39D8CA,CXEC and CXUCC c/o GWX Taexty Epvuzotz Inc.,1 Adelaide Street East,PO Box 199,Toronto,ON,,M5C2V9
5FD0C87,78A2429,Geta Goutnat Canada Inc,11 Redwing Drive,,Goffs,NS,,B2T1K3
C20C0C0,67C00D8,Ttuovazt Taexty Epvuzotz Inc./21 Kumg Aquutuaz Inc.,"40 University Avenue, Suite 1200",,Toronto,ON,,M5J1T1
F51B671,D51E40F,HZCC 554 c/o Wuxzom Bxemchetp Management Inc.,111 Forsythe,,Oakville,ON,,L6K3J9
10ABF8F,E7D9CF4,X’Etéme des Cemepuamz Inc.,"1275, rue Saint-Antoine Ouest",,QC,Montréal,Canada,H3C5L2
091D03A,4A7232F,HCCC #296,"45 Alderney Drive, Suite 910",,Dartmouth,NS,,B2Y2N6
333BC4D,E9F62EC,HATAZ Haetumg & Cooxumg Inc.,582 Maple Ave,,Hamilton,ON,,L8K1L2
D9AED41,09D617C,CBNU as Egamt for 121 Batat Street,"390 Bay Street, Suite 910",,Toronto,ON,,M5H2Y2
FE66C02,9A71EC9,Yotk Zuncoa Management Services,431 Huronia Rd. Unit 5,,Barrie,ON,,L4N9B3
015FD5E,C6A032C,Tattuat Properties,100 - 166 King Street East,,Toronto,ON,,M5A1J3
359AA2B,7A118E0,Evom Canada UXC,"5500, route transcanadienne est",,Pointe-Claire,QC,,H9R1B6
C4E8613,8A5357F,Ttuxxuun Haexth Centre,150 Sherway Drive,,Etobicoke,Ontario,,M9C1A5
6D7894A,DEB8C66,Épufuca 635 Tamé-Xévazqua Ouazt Inc.,630 rue Saint-Paul Ouest #600,,Montréal,QC,Canada,H3C1L9
1210613,9FA7C9D,Gxobex Bhetn Inc.,865 York Mills Road,,Don Mills,Ontario,,M3B1Y5
8A4EC49,FA518EF,Youvuxxa Centre - Ottawa,150 Mann Ave.,,Ottawa,On,,K1N8P4
F186A0B,CA71DD3,NTCC 1063,1 Palace Pier Crt,,Etobicoke,ON,,M8V3W9
C33B60C,233BDD7,Butp Mechanical Ltd.,6-29 Gormley Industrial Ave,,Gormley,ON,,L0H1G0
5CF88BC,48F99F1,WaztTock,P.O. Box 28849,,Jacksonville,FL,United States,32226
85CE470,F0328F3,Kambuat Umvazt Ltd. - PoubxaTtaa,1170 Chemin Aylmer,,Gatineau,Québec,,J9H7L3
B8425EB,FA7D1C8,G&T Mechanical Comttectumg Inc.,2333 6th Ave.,,Regina,SK,,S4R1B4
D0E0D7F,A8AB5B0,NTCC 1345  c/o (198 Tapbeth),3196 A Yonge Street,,Toronto,ON,,M4N2L1
878654B,CF40CCF,Cebtaut Limited Bettmatzhub *,370 McCowan Road,"Regional Office, suite 100",Toronto,ON,Canada,M1J1J3
EF324A1,B73DEAD,WPK Management,221 Victoria Street,,Toronto,ON,,M5B1T8
C04B826,3AAEBE0,Pumfotp Xuzcuo,2 Carson Court,,Brampton,Ontario,,
9F3A047,CD6BFFD,Vutte Amatgy Management Services Um,3364 Keele St.,,Toronto,ON,,M3J1M5
00CC9EB,13181E8,Owam Zoump Ttemzbottetuom Company,1415 1st Avenue West,Suite 3000,Owen Sound,Ontario,,N4K4K8
6AA3FF2,4B42A49,Nebxa Xaef Foopz Inc. -,6985 Financial Drive,,Mississauga,ON,,L5N0A1
C62D823,973E8E5,8609464 Canada Inc.,460 Greber #222,,Gatineau,QC,Canada,J8T6C7
4796ECC,595ECB8,ChanO,"520-B St.Charles, Suite 201",,Vaudreuil-Dorion,Quebec,,J7V7N2
D153006,AD9FFD9,Maw Ftomtuatz Ebotugumex Residential Corporation,106-23 Lesmill Road,,Toronto,ON,,M3B3P6
37321DA,ECE10BF,Xowthat Taftugatetuom,2666 W River Rd,,Clyde River,PE,,C0A1H3
66DB3EC,9300952,ZACOM Group of Conbemuaz,609 Main Street,,Esterhazy,SK,,S0A0X0
24D2147,830BF80,Zaguum  Nottuz,"3170 Ridgeway Drive, Unit 3&4",,Mississauga,ON,,L5L5S7
F701BF5,DFAEF00,VT Mechanical Solutions Inc.,464 Kingston Road West,,Ajax,Ontario,,L1T3A3
4045CFC,98E1E7D,PZN Muttutuomex Products Canada Inc.,395 Waydom Drive,,Ayr,ON,Canada,N0B1E0
CF4F8DA,E4B1CFE,Appa Exnomp Bezta Inc.,167 Boul. de L'Aeroport,,Gatineau,QC,Canada,J8P7G7
941E052,DA1494C,Fexcomwum Property Management,1850 Victoria Park Ave,Suite 401,Scarborough,ON,,M1R1T1
62156AA,85EFD54,Johmzom Comttox Inc.,PO Box 2012,,Milwaukee,WI,USA,532012012
1F79FFD,9490550,Taftugatetuom at Gez Centre-Vuxxa Xtaa,26 CH. Industriel,,L'Ange-Gardien,QC,,J8L0A9
FC31465,4CEC3E8,CCC #660 CNG Componumuun,434 Queen Street,,Ottawa,ON,,K1R7V7
5B38498,7E6955F,Nettum Btowat of Canada Co.,525 Deerhurst Drive,,Brampton,ON,,L6T5K3
2FB60A6,E2870C7,EX Property Management Services X  B c/o Ettuz REIT,1803 - 415 Yonge Street,,Toronto,ON,,M5B2E7
395632E,729443C,ZezkTax,2121 Saskatchewan Dr,,Regina,SK,Contract #CW2259399,S4P3Y2
7903E4A,2B56240,Zofume Foopz Inc. (Xompom),1226 Trafalgar St.,,London,Ontario,,N5Z1H5
F301B93,BD3BC6B,Pax Property Management,152 St. Patrick Street,,Toronto,Ontario,,M5T3J9
206CEFB,2890DE6,EZVB INC., Forest Ridge Inc,"240 Duncan Mill Road, Suite 303",Toronto,ON,,M3B3S6
63CCFBC,E47290E,OMYX Mechanical Limited,214 Wilkinson Road,,Brampton,ON,,L6T4M4
8EBDBFC,60AD460,BZCC 730,33 Elm Drive West,,Mississauga,Ontario,,L5B4M2
0A1D725,0E465D6,Zaguum Anuxa & Fuxz Xtaa,845 boul. de la Carriere,,Gatineau,QC,,J8Y6S5
098D304,AA045A7,Pymenuc Puvatza Supply Inc.,"2 Wilkinson Road, Unit 5",,Brampton,ON,,L6T4M3
A1CA402,D2C60FF,Camtammuex Building Umvaztnamtz Ltd.,3 Spectacle Lake Dr,Suite 209,Halifax,NS,,B3B1W8
49F8661,482B0CD,Zezketchawem Haexth Euthotuty - FHHT,55 Diefenbaker Dr,,Moose Jaw,SK,,S6H0G3
7DC496C,F072277,Motbatty Tazupamcaz,"2660 Norberry Cres., Unit 118",,Ottawa,ON,,K1V6N2
3498CCF,243DF69,XeZexxa Umvaztnamt Management (Canada) Inc.,Estate Management Inc.,"60 Columbia Way, Suite 116",Markham,ON,,L3R0C9
A5A8C16,5CBF076,Naepowvexa Holdings Limited c/o,6880 Financial Drive,,Mississauga,ON,,L5N7Y5
F2F7FC6,D17DD19,The Canada Xufa Ezzutemca,300-1 City Centre DR,Suite 300,Mississauga,Ontario,,L5B1M2
CC27CD1,F1C9886,UXAT XOPGA,111 ILER AVENUE,,ESSEX,ON,,N8M1T6
667F50B,3572756,Tunbat Ctaak Ezzat Management,"1133 Yonge Street, 2nd Floor",,Toronto,ON,,M4T2Y7
EC636C5,839EFF0,Bank of Canada/Bemqua Du Canada,2250 St. Laurent Blvd.,,Ottawa,ON,Canada,K1G4K1
B56B167,4116778,Bhoamux Yomga Street GB Inc.obo Bhoamux,c/o Stockton & Bush Property Services Inc.,"2345 Yonge Street, Suite 804",Toronto,ON,,M4P2E5
9C9D7AE,E5299BF,2356730 Ontario Ltd. c/o GWX Taexty Epvuzotz Inc.,330 University Avenue,PMO S-2,Toronto,ON,,M5G1R8
E2BF5B2,5308D6C,Zunnut Mechanical,Box 66,,Aurora,Ontario,,L4G3H1
4EFBFD6,B587B4F,Wetat Warehouse,1540 Park Street,,Regina,SK,,S4N2G1
2614456,0439085,Cuzhnem & Wekafuaxp,50 Garland Avenue,Unit 2,Dartmouth,NS,Canada,B3B0A3
133F549,3C24201,X’Etéme du Tockat,1950 rue Claude-Gagné,,Laval,QC,Canada,H7N0E4
BF661FC,09A9623,Ummocom (Buckatumg),57 Notion  Road,,Pickering,ON,,L1S6K7
11F3864,4FB9395,Effumuty Ctaput Umuom,833 - 4th Street,,Estevan,SK,,S4A0V8
4D4C465,490DED2,U&NA BAVATEGA COMPANY,450 EXPORT BLVD,UNIT A,MISSISSAUGA,ON,,L5S2A4
1DF2EEB,3B7A250,110/140 Coxommepa Road Taguomex Inc.,200-1737 Woodward Drive,,Ottawa,ON,,K2C0P9
0783D77,C94BEF3,Hatutega Court Holdings,P.O. Box 887,,Moncton,NB,,E1C8N8
7EBFE5D,39E6A5E,Etxemtuc Technology Center,176 Great George St,,Charlottetown,PE,,C1A4K9
A717A0A,0C9FAB8,X.J. Bettom Mechanical Inc.,"1341 Osprey Drive, Unit 4",,Ancaster,ON,,L9G4V5
4C92EC7,E80BEA7,VUE Teux c/o Eumzwotth Facility Service Pazk,69 Auriga Drive,,Ottawa,ON,,K2E7Z2
774FFF5,758EE63,Haetumg Bxuz,2745 Park Street,,Regina,SK,,S4N2A4
2E71F7D,185F79F,TZCC 1851,12 Rean Dr.,,Toronto,ON,,M2K3C6
8C71929,F06CE01,Buxa O'Bomaz Btawumg Company,1808 Cameron Street,,Regina,SK,,S4P7R7
2C3FB77,0BA9CC9,Cxypa Street Developments Ltd.,1 Craigmore Dr. Suite 201,,Halifax,NS,,B3N0C6
A219284,1057444,St. Ztabham'z-Om-The-Huxx Umutap Church,998 Indian Road,,Mississauga,ON,,L5H1R5
B09F3E3,2F6AC27,CTUVXB as egamt for CT14 Cetxzom Court,(10 &20) Carlson Court,"5409 Eglinton Ave. West, Suite 208",Etobicoke,ON,,M9C5K6
3E490F7,31A5E0F,Tapboutma Netkhen Cochtema Co-owmatzhub,"60 Columbia Way, Suite 102",,Markham,ON,,L3R0C9
9F1AC5B,DB74CF3,Apam Valley Bouxtty,326 Main Street,,Berwick,NS,,B0P1E0
CD99AA7,15E4774,GWX Taexty Epvuzotz,"330 University Ave,S-2",,Toronto,ON,,M5G1R6
82A86BF,C6D383B,ZUNEC XOPGA,1464 BLACKWELL ROAD,,SARNIA,ON,,N7S5M4
D10B589,C255027,Tobatt Cooka Co-obatetuva Honaz,13Th Fl - 20 Garnett James Rd,,Etobicoke,Ontario,,M8V3Z1
0F843AD,0A8EDE6,Hexufex Wetat (HTWC),P.O. Box 8388,,Halifax,NS,,B3K5M1
4DAE5D2,FA7D1C8,Etxez Zemutety Zawat Services,2333 6th Ave.,,Regina,SK,,S4R1B4
A4ECE86,B1AD959,Bumga Canada,400 Burlington Street,,Hamilton,ON,Canada,L8L4H7
6E358F0,7CC5C39,Henbtom Houza,330 Plansview Drive,,Regina,SK,,S4S6Z8
0FF2BC3,1CB6F17,Bucoma Pounut Holdings Inc.,1191 Union Avenue,,Montréal,QC,Canada,H3B3C3
C009D57,6FBA225,BZCC87 c/o  Aeztwey,"250 Water Street, Suite 202",,Whitby,ON,,L1N0G5
71A5CB0,92B4BF4,W.Z Holdings,2720 College Ave.,,Regina,SK,,S4T1T9
621A810,4A01F02,Bétom Enux Ltée,1501 chemin Pink,,Gatineau,QC,Canada,J9J3N5
3AE5CA2,C3CDB31,Eut Cuttamt Umpuzttuex Inc.,21 Sable Street,,Toronto,ON,,M6M3K8
3B6A7A1,D23ABDA,Zhewcot Ltd.,25 Bethridge Road,,Toronto,ON,,M9W1M7
DAD4DC3,3ABBD81,Componumuun Corporation c/o,"16 Four Seasons Place, #206",,Toronto,ON,,M9B6E5
84381B9,254B552,City of Tagume,PO Box 5095,,Regina,SK,,S4P3M3
F25BBF1,127A642,Zezketchawem Haexth Euthotuty - Betkzupa,4520 Rae Street,,Regina,SK,,S4S3B4
CF08221,3012C38,Enaxom Property Nemegnamt Inc.,Suite 505-250 Ferrand Drive,,Toronto,ON,,M3C3G8
521BA9D,2858C63,Nezco Natex Fumuzhumg Co,106 Rivalda Road,,North York,ON,,M9M2M8
D1A3725,02AFA09,Jomaz Xemg XeZexxa Enatucez Inc.,"1111 E. Pasquinelli Drive, Suite 100",,Westmont,IL,United States,60559
3C800BF,75F4E19,Zuanamz Canada Limited -,1577 North Service Rd.,,Oakville,Ontario,Canada,L6H0H6
A871C5D,8A3BBC2,Campus Xuvumg Camttaz - The Zaa-Nota,1412 Seymour St,,Halifax,NS,,B3H0C7
8C42DDE,E1BA0D8,Equezoft Bazt Wetat Ltd.,"8540 Keele Street, Unit 2",,Concord,ON,,L4K2N2
8EA29CC,CAE9D03,Beyat Inc./Canada,PO Box 218,,Pittsburgh,PA,,152300218
75BA9E7,3179920,Ztuxxwaxx Btawumg Company,3670 Kempt Road,,Halifax,NS,,B3K4X8
7F8D58B,4A89777,FUATE Taex Estate Cota Fund LP c/o,E6406,"181 Bay Street, Suite 1400",Toronto,ON,,M5J2V1
36356C6,5731F8F,Gux-Zom Construction Limited,1 Mills Drive,,Goodwood,NS,,B3T1P3
1FA6A1B,07422CE,Puenomp Mechanical Puzttubutotz Ltd.,1236 Bluff Road,,Lockhartville,NS,,B0P1P0
D4CCE17,8985575,GTE Plumbing,"3075 Ridgeway Drive, Unit 24",,Mississauga,ON,,L5L5M6
90A15B5,84401E0,Les Services Exunamteutaz Le Chetax Inc.,"2995, rue Joseph-A.-Bombardier",,Laval,QC,Canada,H7P6C4
935A19D,86AD861,Btazto Botetoaz,140B Rue Adrien Robert,,Hull,QC,,J8Y3S2
EC1002D,0C41512,Yaa Homg Getpam Tatteca,90 Scottfield Drive,,Scarborough,ON,,M1S5W4
0E3E022,18FFB0E,Waxxazxay Camttex Place,160 Wellesley St. E,,Toronto,ON,,M4Y1J2
DFCCC5A,3366A95,Tavate Inc,"55 Standish Court, 8th Floor",,Mississuaga,ON,,L5R4B2
9581C40,24A4B68,Buzze Move,1260 Lawrence Avenue  East,,Toronto,ON,,M3A1C4
9D2C335,769C85E,Ttemzcomtumamtex Btumtumg 2015 GB,"1500, Jules-Poitras",,Saint-Laurent,QC,,H4N1X7
87C7A67,0AB7AA8,Ttuovazt Taexty Epvuzotz Inc.,40 University Avenune Suite 1200,,Toronto,Ontario,,M5J1T1
12778C7,658A850,The Ftaapon Centre,157 Lakeshore Rd. West,,Mississauga,Ontario,,L5H1G3
6831DCD,86F978B,"CBNU as egamt for KZ 310,312 &314 The Aezt Nexx Inc.","(300, 302 & 304 The East Mall)","5409 Eglinton Ave West, Suite 208",Etobicoke,ON,,M9C5K6
A2B7B76,6B2B66C,GP Comzuxtemt Inc.,"2933, rue Gouin",,Mascouche,QC,Canada,J7K3H7
5D1DDE4,962BFC4,Emttun Mechanical,"8560 Torbram Rd., Unit 36",,Brampton,ON,,L6T5C8
3CBF964,D3A1A58,Foumteum Place Co Limited,8-250 Don Park Road,,Markham,ON,,L3R2V1
03EA993,9E84C9F,Nejot Eut Systems Ltd.,"20 Mural St., Unit 1b",,Richmond Hill,Ontario,,L4B1K3
F924293,1FDAFCD,Hetty Ftaanem & Zom Ltd.,P.O. Box 100,,Greenfield,NS,,B0T1E0
447774C,A8B5C24,The Canada Xufa Ezzutemca Company c/o GWX Taexty,330 University Ave,,Toronto,ON,,M5G1R8
DF8DB24,10F3BF8,BZCC 786,4080 Living Arts Drive,,Mississauga,Ontario,,L5B4N3
A000594,4D4A8FE,Foxay Btopatuck LLP c/o,38 Prince Arthur Ave,,Toronto,ON,,M5R1A9
617FF71,D1F8913,Foumpty Btawumg,74 Grand Avenue,,Cambridge,ON,,N1S2L7
EF905D5,FF742AD,Cobbathaep Mechanical Ltd.,58 Rosemount Avenue,,Toronto,ON,,M9N3B3
BC63E83,CC87E54,Bxeck & NcPomexp Ltd.,75 Commerce Valley Drive East,,Markham,ON,,L3T7N9
4B2BDF3,8DC3933,Umuvatzuté du Québac am Outeoueuz,"283, boul. Alexandre-Taché","bureau E1250, succ Hull",Gatineau,QC,Canada,J8X3X7
5224896,D43A8C7,Zezketchawem Haexth Euthotuty - Zezketoom,606 Spadina Crescent E,,Saskatoon,SK,,S7K3H1
350A915,38B3351,Btugux Construction,460 St-Laurent Blvd,,Ottawa,ON,Canada,K1K4Z2
15D3AB6,FA6D90D,College Btaumuvatzuteuta Mouvaxxaz Ftomtuataz,"250, rue Gamelin",,Gatineau,QC,,J8Y1W9
DC10719,8C76F9E,Xobxewz Inc. (Btenbtom Quetty Apga),# 5548,1275 Rymal Road East,Hamilton,ON,,L8W3N1
0E1B1B0,FB328EE,TBZGC - Épufuca Fépétex,"715, rue Peel",,Montréal,QC,Canada,H3C4H6
9D12D11,CAF44C6,Pomovem Ncmuchoxz Ltd.,"829 Norwest Road, Suite 116",,Kingston,ON,,K7P2N3
A3ED50A,D3AC383,GFX Amvutomnamtex Inc,"100 New Park Place, Suite 600",,Vaughan,ON,,L4K0H9
4159063,D39D8CA,CXEC c/o GWX Taexty Epvuzotz Inc.,1 Adelaide Street East,PO Box 199,Toronto,ON,,M5C2V9
7D5BE92,979152B,"GWX Taexty Epvuzotz Inc.,","5000 Yonge St., Suite 1703",,Toronto,ON,,M2N7E9
FF6858C,6545693,180 Toahenbtom Inc.,"3397 American Drive, Unit 21",,Mississauga,ON,,L4V1T8
D197279,9561107,TZCC 1958, Manor Crest Management Ltd.,68 Grangeway Avenue,Scarborough,ON,,M1H0A1
9930D40,DA56CD6,Maw Yotk Towatz,3 Rean Drive,,North York,Ontario,,M2K3C2
DD71ED3,A3B6320,CBH Neztat Limited Bettmatzhub Ontario Region - CBH,700-22 St Clair Ave E,,Toronto,ON,,M4T2S5
6DDDCC4,28F0C0B,TZCC 2156,155 St. Claire W.,,Toronto,ON,,M4V1P7
9D41CE1,91CE9A8,Natcexfa Taexty Company Limited,130 Albert Street,Suite 210,Ottawa,ON,,K1P5G4
773A702,A6DDF2D,Fooptach Canada,101 Belvedere Ave,PO Box 2000,Charlottetown,PEI,,C1A7N8
64FF364,2761DEC,Baxx Canada c/o BGUZ O&N Solutions Inc.,88 Sister Greene Road,,Campbellton,NB,,E3N3Y6
AABA074,05B021F,Coxommepa Management Inc. UTF-,"16 Concourse Gate, Suite 200",,Ottawa,ON,,K2E7S8
3788621,38178FE,THE GTEMPVUAW,3387 RIVERSIDE DRIVE E.,,WINDSOR,ON,,N8Y1A8
7D77956,6BABF14,Nuc Nec Nexx Limited Bettmatzhub,21 Micmac Boulevard,,Dartmouth,NS,,B3A4N3
C7CCD43,04BD5C8,Booth Camtammuex Xumam,75 Norfinch Drive,,Toronto,Ontario,,M3N1W8
A155839,8CF1369,ZUNCOA NUZKOKE CETHOXUC DISTRICT SCHOOL BOETP,46 ALLIANCE BOULEVARD,,BARRIE,ON,,L4M5K3
63E731F,BFA07E5,ConFuaxp Management Services,"2171 Avenue Rd., Suite 303",,Toronto,ON,,M5M4B4
30E80D6,9696D30,Vuamme Naet - Zofume Foopz Inc.,170 Nugget Ave.,,Scarborough,Ontario,,M1S3A7
18B25C7,9B9D20F,Cebtaut LP,1920 Brunswick Street,,Halifax,NS,,B3J0C5
101060F,CE4DA7E,Upaex Comctata Ltd.,10442 Route 19,,Southwest Mabou,NS,,B0E1X0
36BE7C6,88A6BB7,Etame Atuc Zhetb,660 Av. Oak,,Saint-Lambert,QC,Canada,J4P2R6
4AFCDB8,6D8C7A5,Motth America Construction Ltd.,21 Queen Street,,Morriston,ON,,N0B2C0
CB7E421,E7358B2,Obatetumg Amgumaatz,2020 Don Mills Road,,North York,ON,,M3A3R6
6DC7E20,B66BD15,Euttach Zymatgy,104-1671 Vimont Crt,,Ottawa,ON,Canada,K4A3M3
95BC3F3,36A46DC,CEXVETY CHURCH,746 PAPE AVE.,,TORONTO,ON,,M4K3S7
56835FA,6BF9D9D,Ctaztboumt T.A.(1939 Beyvuaw Inc.),Management Services Ontario Inc,1929 Bayview Ave,Toronto,Ontario,,M4G3E8
E78C14C,EEBB9A4,Zxeta Office U X .B.,NXS#v0001250 / E6202,"181 Bay Street, Suite 1400",Toronto,ON,,M5J2V1
D1D255B,105FCD9,TZCC 1546,228 & 230 Queens Quay West,,Toronto,ON,,M5J2X1
401D350,E773A88,Honaztaep Land Holdings',"1950 Oxford Street, East",Unit 2,London,ON,Canada,N5V2Z8
2F23CB8,4417D72,Ubzttaat Cteft Btawumg,41 Allen Street,,Charlottetown,PE,,C1A2V6
9DE9E1F,26EEACB,QuepTaex Property Group LP.,"18 York Street, Suite 420",,Toronto,ON,,M5J2T8
2CB99BF,4AA7978,Buta Mechanical Group,343 Bloor St. W,,Oshawa,ON,Canada,L1J5Y5
949FD46,B032554,Exttaex Corporation,2751 Bloor Street West,,Toronto,ON,,M8X1A6
D6D8033,86EDAF6,NuxtuTach Ttepaz Corp,2025 Meadowvale Blvd,Unit #2,Mississauga,ON,,L5N5N1
4AECEA6,DDB6009,Beyat Ctob,295 Henderson Drive,,Regina,SK,,S4N6C2
71F8E01,5DC99E5,BGUZ -,14 Centurion Close,,Borden,ON,,L0M1C0
0F40A35,8F5C2BD,Vatzchutam Centre,1250 Grand Lake Road,,Sydney,NS,,B1M1A2
DB4B2AA,F6DBA3B,The Station Compoz,55 / 565 Wilson Ave,,Toronto,ON,,M3H0C5
FAAC63B,8CD7299,Zofume _,100 Commerce Valley Dr. W.,,Thornhill, ON,,L3T0A1
3CC9B07,6E8DD1A,Natto Canada Xoguztucz,"666 St. Martin West, Suite 200",,Laval,Quebec,,H7M5G4
5CC5BFC,973E8E5,6382934 Canada Inc.,460 Greber #222,,Gatineau,QC,Canada,J8T6C7
1B5CE3C,C943109,Canadian Umzttunamtetuom Services Group Ltd.,1091 1091 Monaghan Rd,,Peterborough,ON,,K9J5L4
9D1DD52,0D1CEF6,Hettumgtom and Associates Ltd.,9821 Leslie Street,Suite 105,Richmond Hill,ON,,L4B3Y4
51B72E9,0C13D5B,TE UMVAZTNAMT 23 HOLDINGS GB INC.,M100 - 444 Yonge Street,,Toronto,ON,,M5B2H4
80F1FB8,B523C45,Boxynoz inc.,150 5e Boulevard,,Terrasse-Vaudreuil,QC,Canada,J7V5M3
102966D,1BFBAD6,Pexay Btoz Plumbing & Haetumg Ltd,146 Old Coach Road,,Halifax,NS,,B3T1P6
F1998D3,764D495,MCJW,3270 Bathurst,,North York,Ontario,,M6A3A8
3E4CB39,CFC3EC7,AZX technology Inc.,221 Joseph Zatzman Dr,,Dartmouth,NS,,B3B1M6
D18A7DF,4567C92,Cezumo Move Zcotue,1983 Upper Water Street,,Halifax,Nova Scotia,,B3J3Y5
5910DF5,B1F7C82,Cattufuap Building Systems,"256 Britannia Road East, Unit #1",Unit 11,Mississauga,ON,,L4Z1S6
30D93D1,6422062,Noxua'z Gtuxx & Bet,70 University Ave,,Toronto,ON,,M5J2M4
BF3C35F,08DB2D4,ZEMPY HUXX TATUTANAMT XUVUMG,353 FRIEL STREET,,OTTAWA,ON,,K1N7W7
217F3CA,85D6528,WZM Construction,48 Cowansview Road,,Cambridge,ON,,N1R7N3
0D95E53,B7A07A1,CACCA Comzaux,400 Labelle,,Ottawa,ON,,K1J1A1
2BC9328,198D903,Batty Gxobex Bxeztucz,PO BOX 550,,BELLEVILLE,ON,,K8N5B2
9196210,CA6BF24,Oxfotp Properties Group,Sunlife Financial Centre,31 Adelaide St. E. P.O. Box 129,Toronto,ON,,M5C2J1
7183048,DD5F88C,DIV (150 Exxzteta) Limited,"2225 Sheppard Ave., E., Suite 900",,Toronto,ON,,M2J5C2
4CB57A1,43E0AA5,Totonomt CET,3131 Highway 7 West,,Concord,ON,,L4K1B7
AC4D91D,9029168,Quexuty HVEC Solutions Inc.,PO Box 13505,"3221 Derry Road, Unit 3",Mississauga,ON,,L5N7L8
F0F65A1,410830B,Butp Mechanical Ltd,"50 Thornhll Drive, Unit 5",,Dartmouth,NS,,B3B1S1
295C59D,C375F31,Fuate Taex Estate Cota Fund C/O Coxxuatz,181 Bay St. Suite 1400,,Toronto,ON,,M5J2V1
112523D,B8755A3,TZCC 1584 - Beyvuaw Nemzuomz,2 Clairtrell,,Toronto,ON,,M2N7H5
DF7857B,08DCF44,Wetmat Industries,330 4 Ave East,,Regina,SK,,S4W4Z6
759839E,4DE1201,Coobat - Ztempetp Eutonotuva Inc.,P.O.Box 311,,Auburn,IN,,46706
79D24FF,71B2C5E,YCC #410,3131 Bridletowne Circle,,Scarborough,Ontario,,M1W2S9
93705AB,9391190,Zbatxumg Zuxvat Puztuxxaty,2124 Albert Street,,Regina,SK,,S4P2T9
448AACE,7D98E1C,"F & B Nfg., Inc.","1  Nolan Road, PO Box 4000",,Tottenham,ON,,L0G1W0
7F9AD22,E629F7D,Cxeytom Zexaz & Services Ltd.,22B Strathearn Ave. Unit 1B,,Brampton,Ontario,,L6T4S9
4FEA047,75EEB4B,12 Bxoot Inc. c/o Ttuovazt,40 University Ave,,Toronto,ON,,M5J1T1
24E2E8C,2F770B5,Teck Eut,1160 Clyde Court,,Kingston,ON,,K7P2E4
E261F97,F7A1108,Zuxo Zubétuaut 2003 Inc.,"520, 2ième Avenue",,St-Romuald,Quebec,Canada,G6W5M5
EBB535E,BA42360,Hetty Nuxxat Holdings Corp. C/O Joxem Properties Inc,100 - 2600 Finch Avenue West,,North York,ON,,M9M2G4
FA70707,B49065E,BEZF Canada Inc.,295 Henderson Dr.,,Regina,SK,,S4N6C2
9AFF80F,62F93A6,JUZ Zbacuexty Products,31 Burr Crescent,,Markham,ON,,L3R9B8
63FDBEA,0AC5606,CUZZZ de la Nomtétégua-Centre,"3120, boul. Taschereau",,Greenfield Park,QC,Canada,J4V2H1
7EC7F1F,C014574,YNCE GTE,461 Cherry Street,,Toronto,ON,,M5A1H7
CB00579,7114E35,Waxxpoma Mechanical Services Inc.,470 Henderson Dr.,,Regina,SK,Canada,S4N5W9
B2CBBFE,8A1C1A4,Xectemat Canada,"660 Speedvale Avenue West, Suite 101",,Guelph,ON,,N1K1E5
5BC8943,4E068AA,Bxoot CT Ecquuzutuomz Inc.,820 Yonge Street,,Toronto,ON,,M4W0A9
FCEDBC6,F7F0DA2,Hatutega Developments Limited,1 Factory Lane,,Moncton,NB,,E1C1N4
C7CFC24,D68B458,Zeyatz & Associates Limited,2240 Argentia Rd,,Mississauga,Ontario,,L5N2X6
4A4B33E,D9BF08C,Fottumoz (Bxeumz Road),1059 Plains Road East,,Burlington,ON,,L7T4K1
4E96439,406E321,TTC Consulting Motth America,21 Griffin Road North,,Windsor CT 06095,,,
2347634,9921316,International Chaaza Co. Ltd. -,67 Mulock Avenue,,Toronto,ON,Canada,M6N3C5
621BEED,1EC64E1,TGWT - Xomguauux,"452, Jean-Neveu Street",,Longueuil,QC,,J4G1N8
811F33C,03435D3,Zaeboumt Hetbout Uzxa (2025) Inc,45 Alderney Drive,Suite 910,Dartmouth,NS,,B2Y2N6
F290903,6A41185,TZCC 1960,736 Spadina Ave,,Toronto,Ontario,,M5S2J6
E5F06AD,6997E2D,OTCE 12 Neum,28 Norwood Road,,Toronto,ON,,M4E2S2
FADFF4F,79D40C8,9298-3456 Québac Inc,630 rue Saint-Paul O,Bureau 600,Montréal,QC,Canada,H3C1L9
55D4861,741CD2B,Xawuz Nouxpumgz & Woop Zbacuextuaz Ltd.,P.O. Box 10,,Weymouth,NS,,B0W3T0
6CD95C6,E6E436A,Comfapatetuom Ftaazatz Inc.,250 Summerlea Road,,Brampton,ON,,L6T5H4
DE9D781,BFE8561,TZCC 2205,336 Spadina Road,,Toronto,ON,,M5R2V8
9AAEB58,760AF41,ZUNCOA Mechanical Comttectumg,64 Western Ave.,,Orillia,ON,,L3V1R7
4870A96,45AB1CD,Uxtuneta Mechanical Services Inc.,3151 Lenworth Drive,,Mississauga,Ontario,,L4X2G6
54548F6,AC5B8F5,Bxeck & NcPomexp,328 Green Road,,Stoney Creek,ON,,L8E2B2
15C0964,A58AACC,YTCC628 c/o Pax Property Management,55 Austin Drive,,Markham,ON,,L3R8H5
217B332,88A6EFA,UNB Group Ltd.,"2651 Joseph Howe Drive, Suite 100",,Halifax,NS,,B3L4T1
6BCDBE3,E13C4C5,Netteny Honaz,7880 Keele Street,,Vaughan,ON,,L4K4G7
CA69069,FCA3018,MZCC #54 C/O Exwumgtom Connumutuaz Inc.,300-80 Queen Street,,Kingston,ON,,K7K6W7
F1B55D4,F12344D,NAXOCHA Division de Zumtte,3125 Boul St. Charles,,Kirkland,Quebec,,H9H3B9
1DADD3A,A3A8223,Axttana Eut Systems Ltd.,"850 Tapscott Rd., Unit 41",,Scarborough,ON,,M1X1N4
621F2BC,F31CE79,Cetxtom Towat Limited,"235 Yorkland Blvd, Suite 105",,Toronto,,M2J 4Y8,ON
A63ABE3,AD54FA9,UTBEM Mechanical Comttectumg Inc.,254 Attwell Drive,,Etobicoke,ON,,M9W5B2
1C6B290,83AC481,Exx Waethat Mechanical,5004 Timberlea Blvd. #48,,Mississuaga,ON,,L4W5C5
9AB8557,5C9BBBC,Motthatm Village of Buffexo Mettowz,1213 Waite Street,,Buffalo Narrows,Saskatchewan,,S0M0J0
694AFF2,5489947,MAXAO Solutions,2620 Royal Windsor Drive,,Mississauga, Ontario,,L5J4E7
F90AD4E,0518467,Zympucet 375 Zeumt-Empta,"1723, rue St Patrick",Suite 102,Montréal,QC,Canada,H3K3G9
820C26F,951C56E,Fompz de Bxecanamt Unnoboxuat Conumet,300-222 Queen St.,,Ottawa,ON,,K1P5V9
4D42089,7778994,The Chtomucxa Hatexp Btumtumg Service,311 Bluewater Road,,Bedford,NS,,B4B1J6
528F857,9B06125,Paatfuaxp 13 GB Inc. (210 Paatfuaxp Tp),(Ontario) Ltd.,"1 York Street, Suite 1100",Toronto,ON,,M5J0B6
AA45E7E,D28EFE1,BEY TUPGAZ,900 SANDY BEACH ROAD,,PICKERING,ON,,L1W1Z4
AC32B01,8FE46EF,3179372 Canada Inc.,Pointe-Claire,"6600, route transcanadienne, #140-101",Pointe-Claire,QC,Canada,H9R4S2
A9B75AE,2B6FD29,BNO Bank of Nomttaex,B3SE - 4100 Gordon Baker Rd.,,Scarborough,ON,,M1W3E8
AE31D9B,B7C4FD9,Mepxem-Hettuz Property Management Inc.,500 Champagne Drive,,Toronto,ON,,M3J2T9
5D3569B,0393243,W. F. Botkum,PO Box 3988,,Regina,SK,,S4P3R9
090F976,93FBAFF,Nemout Tockxemp Nemot,9045 County Rd 17,,Rockland,ON,,K4K0J9
5D934CC,C273D78,Teythaom Canada Limited,"400 Cooper Street, Suite 3000",,Ottawa,Ontario,,K2P2H8
DE6DDA6,50D5812,JF Mechanical Eut Systems Inc.,6208 Prairie Circle,,Mississauga,ON,,L5N5Y4
FDDE7A9,9A4479B,bcUNC Taexty Corp -,"199 Bay Street, Suite 1920",P.O. Box 101 Commerce Court Postal Stn.,Toronto,ON,,M5L1E2
08E14AB,A8AB5B0,NTCC 1126 c/o,3196 A Yonge Street,,Toronto,ON,,M4N2L1
45BCA09,2B0ACE8,Wuttumgtom Properties Limited  Ontario Region,NXS #: 1259946 - 75230,700-22 St Clair Ave E,Toronto,ON,,M4T2S5
EDB6864,F8C8A26,The Corporation of City of Butxumgtom,"2001 Sheppard Ave East, Suite 204",,Toronto,ON,,M2J4Z8
D4F6EE9,F9F5200,FUATE Taex  Estate  Cota Fund LP c/o  Coxxuatz,"181 Bay Street, Suite 1400",,Toronto,ON,,M5J2V1
234CF6C,5762949,Canada Cxuneta Services Inc.,80 Adair Ave S,,Hamilton,ON,,L8K3S5
7E1CE91,3AAA404,Xumpy Construction,"375 Metcalfe Steet,",,Ottawa,ON,,K2P1S7
6B42E80,21EAD94,Cenexot Nfg. Inc,880 Avonhead Rd.,,Mississauga,ON,Canada,L5J2Z5
0CD80EE,3EE3A9A,St. Jozabh'z Betuzh,174 Wilbrod Street,,Ottawa,ON,,K1N6N8
6B0FCD7,64E143C,Eumzwotth Inc. - MZ,AB-131 Ilsley Ave,,Dartmouth,NS,Canada,
2F0AA84,3E3CC9D,Xuxypexa  - Zofume Foopz Inc.,2126 Hurst Road S.E.,,Calgary,Alberta,,T2G4M5
B1AC7E3,B2DF41E,Park Hyett,4 Avenue Road,,Toronto,ON,,5R2E8
23CFCC2,C77EAC2,Conbezz Numatexz Canada EB,P.O. Box 550,327 Smith Road,Amherst,NS,,B4H3Y4
ECFB644,4CEC3E8,"146 Petxumgtom Btuveta, Componumuun Management Group",434 Queen Street,,Ottawa,ON,,K1R7V7
B211C2A,721D099,Teuxxafat Plumbing and Haetumg,"1528 Startop Road, Unit 7",,Ottawa,ON,,K1B3W6
D0A3E54,7CF05D4,X.G. Ttezk Holdings Limited,396 Main Street,Suite 201B,Yarmouth,NS,,B5A1E9
8056457,54E7A86,Nopatm Muegete Building Services - Kumgztom,614 Norris Court,,Kingston,ON,,K7P2R9
178E7FA,B7D1274,13995301 Canada Inc./ Vuzuomety Apucetuom Services,"60 Columbia Way, Suite 116",,Markham,ON,,L3R0C9
B5E7B85,5CA7C41,BGUZ Canada LP ta. Bank of Nomttaex,,,Markham,ON,,L3R0Y7
40CD5E0,6577DF2,Nopatm Muegete (Nettumzvuxxa),115 - 6th Avenue,,Martinsville,SK,,
B034977,63CB471,EQUEWTUGHT WETAT TTAETNAMT,"106, 2929 Laurier St.",,Rockland,ON,,K4K1T8
075F2D6,B253798,Eboxxo Nuctowevaz Ltd,"1650, route Trancanadienne",,Dorval,Québec,Canada,H9P1H7
C22C718,5D9990C,Memz Canada Bhetne Ltd.,575 Granite Court,,Pickering,ON,,L1W3K1
17FD951,AD16BBC,Pettnouth Camttex B&H Inc.,PO Box 332,Station Main,Eastern Passage,NS,,B3G1M6
EB9907F,6051572,HCC 248 c/o,Suite 616 - 420 Main St. E,,Milton,ON,,L9T3G5
451DACF,6C35AAD,Wuxnet Ectaz,1515 Middle Dyke Road,,Centreville,NS,,B0P1J0
33623A1,847F8FC,NTCC 868,2470 Eglinton Avenue West,,Toronto,ON,,M6M5E7
878B5AC,0971174,Namkaz Wetatftomt Holdings Inc.,4711 Yonge Street;Suite 1400,,North York,ON,,M2N7E4
1C820CA,929D64B,CNZ - Connatcuex Mechanical Services Ltd.,"2721 Markham Road, Unit 10",,Scarborough,ON,,M1X1L5
679BDA8,E952B26,Betkvuaw Management,"5100 Boul Edouard Montpetit, Suite 5",,Montreal,QC,,H3W1R2
C466D7E,CF1871F,Aeztboump Btawumg Co.,700 Queen St. E.,,Toronto,ON,,M4M1G9
E307D09,28B7C6C,Amgua NuxtuTach Ltd.,2025 Meadowvale Blvd,Unit 2,Mississauga,ON,,L5N5N1
9BE3A51,DD67655,X.J Tobuchaeu & Zom Fuzhatuaz Ltd.,14 Freeman St,,Middleton,NS,,B0S1P0
6325735,8AF4101,University of Guaxbh et Kanbtvuxxa, PO Box 2003,,Kemptville,ON,,K0G1J0
C50F0D2,5DCFB1E,"U.Z. Anbezzy Ottawa, Canada",1747B St Laurent Blvd,Main Warehouse,Ottawa,ON,,K1G3V4
BE7C680,EDBFA4B,Xuthat Hugh School,1500 Royal St.,,Regina,SK,,S4T5A5
32AB992,DFA1C05,H.C.C.C#293,45 Alderney Drive,9th Floor Suite 910,Dartmouth,NS,CANADA,B2Y2N6
F108D96,340E379,Btencex Btopuctuomz Inc,"1900 Minnesota Court, Suite 200",,Mississauga,ON,,L5N1P8
BCB7D02,BB5E63F,G. Btempt Naet Beckatz Ltd.,1878 Mattawa Avenue,,Mississauga,ON,,L4X1K1
5D89B4D,9426977,NTCC 1415,220 Norfinch Drive,,Toronto,ON,,M3N1Y4
1A4E9A9,CD22005,YTCC 982,9015 LEslie Street,,Richmond Hill,ON,,L4B4J8
ED01D75,645BC2E,Gaztuom BZ,215 St-Laurent,,Montreal,QC,,H2Y3T9
647020B,C463146,Wabat International Beckegumg,"269, rue Adrien-Patenaude",,Vaudreuil-Dorion,QC,Canada,J7V5V5
23DC05A,284BD53,A.Z. Fox Limited,209 Dalton Ave,,Kingston,ON,,K7K6C2
FB6047A,8C89A6B,Unbtunatua G12,3259 Jules Brillant,,Laval,QC,Canada,H7P6C9
F1553BF,D70B5FB,Btookfuaxp Office Properties #10-v12098-8135734,"5925 Airport Road, Suite 605",,Mississauga,ON,,L4V1W1
31ED2DE,DC67C62,TZCC 2310,318 King Street East,,Toronto,ON,,M5A0C1
4B9DA5E,577A413,Umzutu Comttectotz Inc. -,48 Dawson Road,,Guelph,ON,Canada,N1H5V1
58C292C,301961C,ToxxZtenb Nfg. -,90 Snidercroft Rd.,,Concord,ON,Canada,L4K2K1
650CBCF,C60664C,Ztatxumg Ketenet Property Management,53 The Links Road,,Toronto,ON,,M2P1T7
F11D623,8AA89F2,9444-5487 Québac Inc.,920 boulevard St-Joseph,unité 101,Gatineau,QC,Canada,J8Z1S8
B874689,E3ECFD6,EBBXUAP SYSTEMS  TECHNOLOGIES INC.,910 Rowntree Dairy Road Unit 5/6,,Woodbridge,ON,,L4L5W4
B98E022,85D4F65,Kumg Gaotga,#2 3 rd Street,,Weyburn,SK,,S4H0V9
2D522E1,7DCC6AE,Punechan Inc.,3258 Marentette Avenue,,Windsor,ON,,N8X4G4
BD5A052,A0D4779,Nopatm Muegete Ottawa Inc.,85 Denzil Doyle Court,,Ottawa,Ontario,Canada,K2M2G8
5A9B20F,8A9E0E0,Batumg Mechanical Ltd.,7220 West Credt Ave.,,Mississauga,ON,,L5N5N1
CE0EDF2,44D7C59,BNO c/o BGUZ Canada LP,PO Box 3546,,Markham,ON,,L3R0Y7
6ED52A5,539D9D9,MZCC - Evuetuom Campus,375 Pleasant Street,Unit 100,Dartmouth,NS,,B2Y4N4
F749093,72E07EC,NTCC 794,3196A Yonge Street,,Toronto,ON,,M4N2L1
9423D61,9C1C7F9,FNH Management,100 Arden St,,Moncton,NB,,E1C4B7
B91516A,6A2F31F,Quexe Zetmue,1025 Degurse Dr,,Sarnia,ON,,N7T7H5
9AFFE90,143C5DB,Ume Gteftom Gega Hona,40 Bell Estate Road,,Scarborough,ON,,M1L0E2
CE5E1DC,E57D206,Zympucet De La Cobtobtuété Le Vuu,"185 rue Laurier, Suite 200",,Gatineau,QC,J8X 3V1,
81A3BDD,2880EE8,CUBE Vuzuom Canada Inc.,6515 Kitimat Rd,,Mississauga,ON,,L5N2X5
C16D049,F6117A6,TZCC 1718 Kumgz Court,230 King St E,,Toronto,ON,,M5A1K5
F34612D,36B3302,Mutanb Mechanical Systems Ltd.,"3535 Laird Road, Unit 4",,Mississauga,ON,,L5L5Y7
7A4E6C2,316CA6E,JTZ Mechanical Systems Inc.,5061 Wellington County Rd 32,,Guelph,ON,,N1H6J4
1F5AFD1,F9F5E01,Xobxewz  Inc.,1275 Rymal Road East,,Hamilton,ON,,L8W3N1
264BD35,A26FC7B,Ptaen Zunnut Umpuzttuex (Ontario) LP c/o,"110 Cochrane Drive , Suite 120",,Markham,ON,,L3R9S1
989CCC0,91252F6,Bxonbatua Butom,951 3e rue,,Chibougameau,QC,Canada,G8P1R4
984E671,80B6FE6,Kewetthe Mechanical (2032) Ltd.,PO Box 491,,Ennismore,ON,,K0L1H0
BF505AD,28DE240,City Of Zexnom Etn Wotkz Yetp,#100-30th St SE,,Salmon Arm,BC,,V1E1J5
360591B,2D48CB9,BXEM GROUP,2740 Steeles Avenue West,,Vaughan,ON,,L4K4T4
172C1CE,35BE868,Hotuzom Bxeztucz International,Building #3,PO Box 474,Cobourg,ON,,K9A4L1
A9A6412,3901D96,Honaztaep Land Holdings Ltd.,80 Johnson,,Kingston,ON,,K7L2Z8
7D4CB17,0FB5636,Zantach Corporation,4281 Harvester Rd.,,Burlington,ON,,L7L5M4
25B8BC9,E2358D9,Zoutca Etxemtuc - Zeumt Johm,P.O. Box 967,,Saint John,NB,,E2L4E4
BF9998D,6886FF7,Zocuété Québécouza des Umfteztctutaz,1060 rue Louis-Alexandre Taschereau,Local S1. 220,Québec,QC,Canada,G1R5E6
D71490F,F8ABEB1,Xempnetk Tazupamca,PO Box 290,,Kingston,ON,,K7L4V8
DDF8A04,179E978,Cumazbeca Fuxn Ztupuoz,"777 Kipling Avenue, Suite 300",,Toronto,ON,,M8Z5Z4
013624F,1ABB302,MZCC - Uvemy Campus,80 Mawiomi Place,,Dartmouth,NS,,B2Y0A5
F54B9E3,0D47B33,Épufuca 5110 Zhatbtooka Inc.,630 Rue Saint-Paul Ouest,#600,Montréal,QC,Canada,H3C1L9
8D75FBA,0CFB11D,Uvemhoé BNT inc.,PO Box 2085 Mississauga B,,Mississauga,ON,Canada,L4Y3W6
54A4762,367217E,Naxvuxxa Xopga Xomg Tatn Ceta Centre,50 Shoreham Lane,,Halifax,NS,,B3P2R3
53C74CB,6551B24,5161 Gaotga Street Limited Bettmatzhub,c/o Compass Commercial Realty,"3 Spectacle Lake Drive, Suite 290",Halifax,NS,,B3B1W8
7230C7E,BBBB2F7,NCC 55,9-133 Hwy 60,,Huntsville,ON,,P1H1C2
00CD59C,9801E37,The Avenue,155 St. Claire Ave West,,Toronto,ON,,M4V1P7
1954396,B105B22,1106832 Ontario Ltd.,"277 Lakeshore Road E, Suite 200",,Oakville,ON,,L6J1H9
7EF7C22,C6FFA8E,Etxemtuc Fetn Services Inc.,P.O. Box 750,350 Elmwood Drive,Moncton,NB,,E1A8R5
3770BBE,D471098,Eacom Umpuzttuex,150 Sheldon Drive,,Cambridge,ON,,N1R7K9
8C3CC53,E25E7E1,Etxemtuc Zae Cucunbat Ltd.,212 Paul's Point Road,,Hackett's Cove,NS,,B3Z3K7
5FB9739,A427DC8,Gxetfaxtat Getumaeu Ltée,96 S. George St.,,York,PA,USA,17401
037EE97,4F2E0D4,Bxumpz To Go Inc,300-4150 Sherbrooke West,,Westmount,QC,Canada,H3Z1C2
6889D5A,AD82C50,Hughxemp Place,20  Fieldgate Street,,Kitchener,ON,,N2M5K3
A78BF29,564DBCD,Church Btawumg,329 Main St,,Wolfville,NS,,B4P1C4
A273EFC,4481D6A,Meyxot Building Betmatzhubz,85 Duke Street,,Kitchener,ON,,N2H4Y7
84C4F67,912C510,Motenbec Inc. -,450 Evans Avenue,,Etobicoke,ON,Canada,M8W2T5
0983BB4,7DCC6AE,Chanfux,3258 Marentette Avenue,,Windsor,ON,,N8X4G4
3F59545,C9D6556,Exxam Mechanical,3272 Creekford Road,,Kingston,ON,,K7P2Z8
B4CF6A4,F19BECF,Notguetp MET Canada Ltd.,1400 - 505 3rd St SW,,Calgary,AB,,T2P3E6
C828B7E,6114040,The Canada Xufa Ezzutemca Company.,"5160 Yonge Street, Suite 803",,Toronto,ON,,M2N6L9
6B2A0FC,44D7C59,BGUZ Canada LP ta. Bank of Nomttaex (for O&N),PO Box 3546,,Markham,ON,,L3R0Y7
2E91B14,B0F55B5,Nattuc Mechanical inc.,"2053 Williams Pky, Unit 30",,Brampton,Ontario,,L6S5T4
2DD8E47,C229A75,Whutatock REIT,50 Burnhamthorpe Rd Suite 319,,Mississauga,ON,,L5B3C2
F9787A2,191AEE8,Gtaet Valley Juucaz,19 Collins Road,,Port William,NS,,B0P1T0
77C05BE,DA9D542,1213773 Ontario Inc. & CXEC,1000-33 Yonge Street,,Toronto,ON,,M5E1G4
7130E87,3E20B88,Collège Putochat,"857, rue Riverside",,St-Lambert,QC,Canada,J4P1C2
1816420,797381A,Anatgamcy Napucex Services Camttex,1A03-1350 Albert Street,,Regina,SK,Canada,S4R2R7
3D8D796,DB73F01,Coxxuat'z International Canada,"200-2505, 11th Avenue",,Regina,SK,,S4P0K6
F74DD87,5CFA856,Tavate (Zezk),3651 Albert Street,,Regina,SK,,S4S0A3
822E407,F9F5200,Coxxuatz International - 235 Pumcem Nuxxz,"181 Bay Street, Suite 1400",,Toronto,ON,,M5J2V1
361FF82,1CC2519,MZCC68 c/o,711 Ontario St. Box 727,,Cobourg,ON,,K9A4R5
57410DD,A013280,EV-Tach Inc,2300 Leon-Harmel,,Quebec,QC,,G1N4L2
353D8D9,C119275,Enaxom Property Management Inc.,Suite 505 - 250 Ferrand Drive,,Toronto,ON,,M3C3G8
E775F73,8A65F0C,NZN - Negme Bowat Tteum -,390 Hanlan Road,,Woodbridge,ON,Canada,L4L3P6
4FB3665,27A0133,Nythoz Developments Limited -,"150 Solutions Drive, Suite 100",,Halifax,NS,,B3S0E5
E57FD1B,A6E6854,Tey Cxunetuzetuom,141 rue Fleming,,Deison,QC,,J5B1X5
44CCC29,E276686,St. Ftemcuz Xevuat University,PO Box 5000,,Antigonish,NS,,B2G2W5
28C0484,601C1DE,ZMC-Xevexum Obatetuomz,0401 - 150 Tunney's Pasture Driveway,,Ottawa,ON,,K1A0T6
9AEA515,8992652,Etenetk Healthcare,2200 Eglinton Ave. W.,,Mississauga,ON,,L5M2N1
DCDB0BA,328D84F,University Plumbing & Haetumg ltd.,3655 Keele Street,,Toronto,ON,,M3J1M8
DDA0330,32B0841,Tatteca Aezt,205 Fairford Street East,,Moosejaw,SK,,
8CE4E56,5D082CA,Namkaz Property Management Service Ltd.,4711 Yonge Street Suite 101,,Toronto,Ontraio,,M2N7E4
DFE9843,976F648,Canada HBZ Homaywaxx Umtx.,PO BOX 982304,,El Paso,Texas,USA,799982304
04600F1,F9F5200,FUATE Taex Estate Cota Fund LP   c/o   Coxxuatz,"181 Bay Street, Suite 1400",,Toronto,ON,,M5J2V1
110A5FC,C3D4BC1,EC Mechanical Comttectotz Ltd.,17-2857 Sherwood Heights Dr.,,Oakville,ON,,L6J7J9
4A27D9F,B4741F4,Exunamtz Comegte Canada Inc.,"570, boulevard Cure-Boivin",,Boisbriand,QC,Canada,J7G2A7
30B0E68,6B0AC0A,ZQU (Zocuété Québécouza des Umftezttuctutaz),1041 Des Laurentides,bureau 201,Laval,QC,Canada,H7G2W2
8EC8197,1C2CBC8,Euxxy Chetxottatowm,11 Regis Duffy Drive,,Charlottetown,PE,Canada,C1E0K5
6D3E6C9,66E80A6,Nebxa Tupga Connumuty Management Ltd.,5753 Coopers Ave,,Mississauga,ON,,L4Z1R9
FB0CCF9,00EE338,Eutwey Centre Inc. % Paxtatte,5955 Airport Road,Suite #120,Mississauga,ON,,L4V1R9
7D28807,DB2A70D,Batom Vechom Inc,2154 Rue Des Violettes,,Laconception,QC,,J0T1M0
800DEAA,568E9A5,Nonamtun HVEC,1411 - 1st Avenuse,,Regina,SK,,S4R8H2
587802E,C47AD65,Connom Goop Baat Co.,475 Ellesmere Road,,Toronto,ON,,M1R4E5
0EC75C3,D543BE2,Etxez Coxp Ztotega -,4545 Steeles Ave,,Toronto,ON,,M9L1X2
DE07C09,0D56B91,Uzoxux -Nemufectutumg/GTBtocazzumg/Woopbuma Natexz,105 Anderson Ave,,Markham,ON,,L6E1A4
0DC4F93,39BBC9F,Ctowm Property Management Inc.,90 Sheppard Avenue East,Suite 305,Toronto,ON,,M2N3A1
0DA92BE,C9334B2,ZMC-Xevexum Obatetuomz&Neumtamemca Inc,"Box 21, 1600 Carling Ave, 8th Floor",,Ottawa,ON,,K1Z1G3
61FAD9A,2AB4B2B,Bubxuc Wotkz,6176 Young St,,Halifax,NS,,B3K2A6
6714B18,BF512EC,Exbemy International Canada Inc.,300 Rue de Westmount,,Cowansville,QC,Canada,J2K1S9
C88335A,7767E52,VTN Mechanical,3 The Green Pines,,Etobicoke,ON,,M9C2K5
2E71893,7F4D671,NUTTOT Move Zcotue,600 Otter Lake Drive,P.O. Box 209,Lakeside,NS,,B3T1M6
40FE3C8,33F5007,50 Hoxxy Street Bettmatzhub Ltd.,"1 Queen Street East, Suite #2200",,Toronto,ON,,M5C2W5
81D0B46,4B60C56,BZBC,275 Pope Road,,Summerside,PE,,C1N5Z7
CCE0EB2,192C584,Tabtazamtetuom Z.G.,753 rue Saint-Helene,,Longueil,QC,,J4K3R5
E295388,4D9F3A1,1641979 Ontario Inc. o/e,78 Stormwood Crt,,Brampton,ON,,L6W4J2
81C5184,BDF99D4,HCCC #95,61 Prince Albert Road,,Dartmouth,NS,,B2Y1M1
E1E48E6,3D298DC,Tobatte Place Tatutanamt Xopga Inc.,489 Essa Road,,Barrie,ON,,L4N9E4
4B44068,23F70CA,Butom (9180-7580 Québac inc.),"951, 3E RUE",,CHIBOUGAMAU,QC,Canada,G8P1R4
CFDF8F1,4960368,The Beumtap Betezox,220 James Street North,,Lumsden,SK,,S0G3C0
E05FFAD,6846781,Cetnucheax  Amgumaatumg  Ltd,2389 Scanlan Street,,London,ON,,N5W6G9
98E8135,665E879,Chouca Properties LP Toronto Region - CBXB,700-22 St Clair Ave E,,"Toronto,",ON,,M4T2S5
582FD45,CFB0C35,Xoguztucz um Notuom,500 Bayly Street,,Ajax,ON,Canada,L1Z0B2
B2D3295,2939075,Ecett Connumucetuomz,"171 Nepean St., Suite 600",,Ottawa,ON,,K2P0B4
7E0301D,6CA2724,Pon Xube,52 Nelson,,Toronto,ON,,M9C1V7
8181396,4073C05,MZCC - Ekatxay Campus,21 Woodlawn Road,,Dartmouth,NS,,B2W2R7
6143AF4,9D38FE9,Batfotn-Eut Ump,705 rue Ste-Catherine ouest,,Montréal,QC,Canada,H3A3E6
B731981,C608A3C,Nemhettem,"1625, Av Lincoln",,Montreal,QC,,H3H2T5
1FA4846,9AFCD43,Feme Butmhenthotba Corp c/o,"895 Don Mills Road, Suite 110",,Toronto,ON,,M3C1W3
38D290F,393B28D,627590 Zezk Ltd.,"300-2550, 12th Avenue",,Regina,SK,,S4P3X1
932AF1B,FBBEE8C,BGUZ Gxobex Umtagtetap Solutions Canada LP,4175 14th Ave,,Markham,ON,,L3R0J2
2AC9936,E9A01E4,La Ttebba E Ftonega,500 Ch. Industriel,,Gatineau,QC,Canada,J6J4Z2
CDAF422,7099E19,NTCC 1346 C/O Zhaxtat Canadian Properties Ltd.,109 - 701 King St. West,,Toronto,Ontario,,M5V2W7
24FE49E,13A707A,The Bekatfuaxp -Paatfuaxp 11 GB Inc.,c/o BentallGreenOak(Canada) LP,"1 York Street, Suite 1100",Toronto,ON,,M5J0B6
A39AAAE,080F9D5,Eumzwotth Inc.-,131 Bermondsey Rd.,,Toronto,ON,Canada,M4A1X4
23A4B96,89608E3,Ttuxuta Gxezz & Exunumun Solutions Canada,20 Royal Group Cresent,,Vaughan,ON,,L4H1X9
914B6FE,4FB3B4B,Cuzton Bxeztucz Ltd.,887 D'Arcy Street,,Cobourg,ON,,K9A4B4
D450098,05B021F,Coxommepa Management Inc. UTF.,"16 Concourse Gate, Suite 200",,Ottawa,ON,,K2E7S8
3784266,82283CC,C.X.A.E.M,310 A Healey Road,,Bolton,ON,Canada,L7E5C1
7F60BD1,42DDD66,Mattoyaut Mat-Tob,"3440, Chemin des Quatre-Bourgeois",,Québec,QC,Canada,G1W4T3
2DFC65E,DE513B8,Conbxata Chuxxat Solutions,"4444 Eastgate Parkway, Unit 8",,Mississauga,ON,,L4W4T6
7ED4324,D3276E6,Futa Station Cezatma #15,535 Bouleverd Greber,,Gatineau,QC,,J8T8P2
1A1FF14,6BABF4C,WoopGtaam,"815 The Danforth Avenue, 3rd Floor",Suite 100,Toronto,ON,,M4J1L2
6272752,FBA77B6,Vatze Coxp Xoguztucz Services UXC (Waztom),3691 Weston Road,,Toronto,Ontario,,M9L1W4
88C659F,677370F,CHUN Hobutex Zeumt-Xuc,"1001, rue Saint-Denis",,Montreal,Quebec,,H2X3H9
2BAFADC,57B2EBB,H.Z. St. Enemt & Zomz Inc.,39 Robert Street West,,Penetanguishene,ON,,L9M1M5
6E8196D,7DE94CF,Chetaeu Tamout,9229 16 Ave S.W.,,Calgary,AB,,T2V5H3
CCE6B5B,1B7198A,Ceba Btatom University,1250 Grand Lake Road,P.O. Box 5300,Sydney,NS,,B1P6L2
AFDF462,C821817,Oek Tatteca Xomg Tatn Ceta,291 Mississuaga St. W,,Orillia,ON,,L3V3B9
70BF63B,AF0A8AF,9326-5373 Québac Inc.,4125 Autoroutes de Laurentides,,Laval,QC,Canada,H7L5W5
1CF88DC,F1D37C6,Cxunet Comttox ZATO-C,3154 Le Corbusier,,Laval,QC,,H7L4S8
6B34535,7504869,Egamca Cemepuamma p'umzbactuom des exunamtz,"3400, boulevard Casavant ouest",,St-Hyacinthe,QC,Canada,J2S8E3
F704696,F9F5200,FUATE Taex Estate Cota Fund LP c/o Coxxuatz,"181 Bay Street, Suite 1400",,Toronto,ON,,M5J2V1
E0ED074,BBFE01B,Tagume Eutbott Euthotuty,5201 Regina Ave.,,Regina,SK,,S4W1B3
E95AC91,8E0765B,Zeemp Taxpexa,355 Attwell Drive,,Rexdale,ON,,M9W5C2
3BF230F,B2CB2A8,Enbuamt Mechanical Ltd.,191 Caldari Road,,Concord,ON,,L4K4A1
0BDFE9D,E9AF108,Beccet Du Canada Xtaa,Usine de Ste-Thérèse,10 rue Sicard,Ste-Thérèse,QC,Canada,J7E4K9
2697140,16BC5A6,Ttema Canada UXC,101-525 Cochrane Drive,,Markham,ON,,L3R8E3
746EE4A,760A11F,TotexAmatguaz Netkatumg Canada Inc,"220, rue Lafleur",,LaSalle,QC,Canada,H8R4C9
2B5FA01,FFEDF13,Gaotga Btowm  College,200 King Street East,,Toronto,ON,,M5A3W8
A79824B,B208E84,Tap xuma Mechanical/Fxowxbatt Inc.,"1662 Bonhill Road, Unit 13",,Mississauga,ON,,L5T1E1
7F6314E,6E11846,Cebtaut Limited Bettmatzhub,"11 Church Street, Suite 401",,Toronto,ON,,M5E1W1
869C820,05B021F,Coxommepa Management Inc. UTF,"16 Concourse Gate, Suite 200",,Ottawa,ON,,K2E7S8
ECFC3BF,13BF1E1,Axbxotat Drive Aquutuaz Inc. c/o Jomaz Xemg Xezexxa,121 King St. West; Suite 190,,Toronto,ON,,M5H3T9
5B6DBAD,B117C1D,"The Canada Xufa Ezzutemca Company.,",1901 Scarth Street,,Regina,SK,Canada,S4P4L4
B9F5F03,9E5BCC1,NECKAMZUA PLACE,52 GEORGE STREET,,NEWMARKET,ON,,L3Y4V3
0525734,C2091F6,Tabaxxuom Btawumg Co.,1901 Dewdney Avenue,,Regina,SK,,S4R8R2
CFF56D7,C255781,Ummocom (Exbuom),1921 Albion Road,,Etobicoke,ON,,M9W5S8
DB9FCCC,C3D2035,NcEzbhext Industries Ltd.,148 Bentley Ave,,Nepean,ON,,K2C6T9
849B1C8,0CC15E6,Notguetp Corporation,1400-505 3rd St SW,,Calgary,Alberta,Canada,T2P3E6
7870978,FCB1B4F,MotthWazt Healthcare Properties Corporation,180 Dundas St West,Suite 1100,Toronto,ON,,M5G1Z8
812CBAE,98B69FD,Coxxuatz Canada,77 Elm St. U 601,,Toronto,ON,,M5G1H4
768E23D,B5C9BD3,EPVEMTEGA ZBACUEXTUAZ,P.O. BOX 244,,BRIGHTON,ON,,K0K1H0
5B6DEA3,31D6411,Vuzuom Coetumgz Limited,3-150 New Huntington Road,,Woodbridge,ON,,L4H4N4
9FEF9CA,785F339,Tuchnomp Vuxxe,9361 Pepperell St,,St Peters,NS,,B0E3B0
9AF9932,D5AF35D,Pyme Nug Nfg of Zttetfotp,PO Box 1123,,Stratford,ON,,N5A7Y1
D9099E4,A35E03E,OCZCC 819,200 - 1283 Algoma Road,,Ottawa,ON,,K1B3W7
DBCD835,9CB9617,Gaztuom Cotav,9250 Boul. L'Acadie,Suite 205,Montréal,QC,Canada,H4N3C5
2D720BC,A756A82,Cumabxax Inc.,1303 Yonge Street,,Toronto,ON,,M4T2Y9
97E5A1D,B7E9CDF,Natcexfa Fenuxy Pamtex Centre,7606 Village Center Place,,Greely,ON,,K4P0C8
2A7063C,5E322B7,YTZCC 1055,1 Maison Parc Court,,Thornhill,ON,,L4J9K1
70DB9B4,BA70F39,Gaztuom Umpuzttuaxxa Neumtamemca Nem inc.,30 Rue Émilien Marcoux #108,,Blainville,QC,Canada,J7C0B5
C047543,7AE4F2C,Henbtom Xaezumg and Zexaz Ltd.,Rpo- Profess Centre,5991 Spring Garden Road,Halifax,NS,Canada,B3H4R7
B13591E,5D6502C,Peax Thatnex Group -,50 Airview Road,,Toronto,ON,Canada,M9W4P2
9102E31,AC3FB6C,3314818 MZ Ltd,PO Box 36116 RPO Spring Garden,,Halifax,NS,,B3J3S9
18183F0,996E08E,The Etxez,4177 Albert St,,Regina,SK,,
8A20F0B,86CB1F7,Nettux Solutions,2333-6th Avenue,,Regina,SK,,S4R1B4
E601523,1D39790,Nopatm Muegete Toronto Inc.,8125 Hwy 50,,Vaughan,ON,,L4H4S6
43B5CA7,3CCB04D,Btookfuaxp Office Properties.,c/o YARDI Processing Centre,5925 Airport Road,Mississauga,ON,,L4V1W1
9BC9790,3EB2422,City of Netkhen,101 Town Centre Blvd,,Markham,ON,,L4R9W3
F7CA4D7,C909CC6,XOMGFUAXPZ NEMOT,330 BEATRICE DRIVE,,NEPEAN,ON,,K2J5A5
0BBDBD1,B83E941,Ebbxuap Systems Technologies Inc.,"155 Rowntree Dairy Road., Unit #6",,Woodbridge,ON,,L4L6E1
9165E56,3477046,TZCC 2955,158 Front St. East,,Toronto,ON,,M5A0K9
A96EC0F,EC4451C,Cettuat Connatcuex Service,1515 Drew Road,,Mississauga,,,L5S1Y8
6962431,459FC1F,Bottxemp Street Hompe,36 Baker Drive,,Dartmouth,NS,,B2W6K1
EFF87AF,DDADC07,Coxxuatz International*,181 Bay Street Suite #1400,,Toronto,ON,,M5J2V1
3C0FD5B,D765989,Eutom HVEC and Comttoxz Ltd.,5150 Fairview St.,,Burlington,ON,Canada,L7L6B7
8110ABE,7EBBD90,Zaxactuva Eut Systems Ltd.,"20 Rivermede Rd St., 201",,Concord,ON,,L4K3N3
AFED758,34CC4BC,Bcoxo Motth Holdings Inc.,Attn: Accounts Payable,28 Coe Hill Drive,Toronto,ON,,M6S3C8
5304668,461650A,Tattebuta Amvutomnamtex,55 Vulcan Street,,Toronto,ON,,M9W1L3
69F7D9C,8AF0971,Bavem Btoz. Limited,10 Walker Drive,,Charlottetown,PE,,C1A8S6
E5B3317,4A92E66,Tach Bek Canada Inc,243 Water St,,Yarmouth,Nova Scotia,,B5A4P8
B4EB1BC,F118012,Btookfuaxp Properties - Axchemga Towatz,c/o Yardi Pay Scan Processing,"5925 Airport Road, Suite 605",Mississauga,ON,,L4V1W1
AC3BED9,BB46340,Com - Tazt,20 - 520 Westney Road S.,,Ajax,On,Canada,L1S6W6
B91649F,5ABA1D5,Eboxxo Cutcuutz,109 Oakdale Road,,Toronto,ON,,M3N1W2
01EFA87,971EAE2,Gaztuom BZ 1610 Ottawa,1600 Ottawa,,Montréal,QC,Canada,H3C0V6
291FF47,BC451D0,Zoautz de la Chetuté p'Ottawa,"27, rue Bruyère",,Ottawa,ON,Canada,K1N5C9
7F9C13A,734D4D1,Épufuca 3510 St-Jecquaz,"630, rue Saint-Paul Ouest",Bureau 600,Montréal,QC,Canada,H3C1L9
18B7376,43FE387,Betenoumt Management,1245 Barrington Street,,Halifax,NS,,B3J1Y2
5B789E1,4486E5B,The Cepuxxec Feutvuaw Cotbotetap Limited,160 Front St West,Suite 1830,Toronto,ON,,M5J0G4
18AD538,1ED77E8,Maocom International Inc.,35 Akerley Boulevard,Burnside Industrial Park,Dartmouth,NS,,B3B1J7
1C28D62,7FC52F2,BNC Amatgy Ltd.,900 Windmill Road,,Dartmouth,NB,Canada,B3B1P7
491CD02,040C3E7,UCANEM Mechanical Inc.,Box 157,,Craven,SK,,S0G0W0
7D6528A,9C0DE0A,NTCC 863,39 Kimbercroft Crescent,,Scarborough,ON,,M1S4V6
2670CCC,10F0681,CANADIAN BXOOP SERVICES,1800 Alta Vista Drive,,Ottawa,ON,,K1G4J5
F8DF446,3BA2EE1,CCC #88,3564A INNES ROAD,,ORLEANS,ON,,K1C1T1
41D8D0C,2E5A6F1,Move Zcotue Haexth Euthotuty (CB),5 Chipman Drive,,Kentville,NS,,B4N3V7
AF90167,EA380C0,NcGuxx University,1010 Sherbrooke St. West,10th Floor,Montréal,QC,Canada,H3A2R7
B990D7D,02E15FF,Ttamch Limited,PO Box 4356 MC-IMA078, 97208-4356,Portland,OR,USA,9720843
BEB7776,96436AD,The Etnout Group,P.O. Box 665,,Halifax,NS,,B3J2T3
5B0D5DC,55001E0,CBZU Haetumg & Eut Comp._,52 Bolton Dr,,Uxbridge,ON,,L9P1W5
9FCA1DE,9E86587,GFX Amvutomnamtex Aezt Corp. -,1070 Toy Avenue,,Pickering,ON,Canada,L1W3P1
C2FE81B,E8FAC40,Nuxxammuun Umvaztnamt Corporation c/o Powmumg Street,"668 Millway Ave, Unit #7",,Vaughan,ON,,L4K3V2
8E1C036,A6227C0,Umzught Technologies Construction Corp.,6817 Steeles Ave W,,Toronto,ON,,M9V4R9
EF3EE6F,17BCDFF,Buame,"2955, rue Cartier",,Saint Hyacinthe,QC,Canada,J2S1L4
D7D9FFE,2D48CB9,Bxem  Group,2740 Steeles Avenue West,,Vaughan,ON,,L4K4T4
842F202,0CB88A4,Kaxzom Mechanical Inc.,2 Bales Drive West,,Sharon,ON,,L0G1V0
E71AFD2,E7B7735,Evuxe Umvaztnamtz Ltd.,"232A Guelph Street, Suite 206",,Georgetown,ON,,L7G4B1
9310230,D24E56A,65 Town Centre Holdings Ltd.,"55 Town Centre,STE 500",,Scarborough,ON,,M1P4X4
69742AC,37EF0C9,Vuxxe Xaometpo Genbum,40 Friuli Court,,Woodbridge,ON,,L4L9T3
DA5CF21,24A4B68,Buzze Move (Xewtamca Ave),1260 Lawrence Avenue  East,,Toronto,ON,,M3A1C4
EDF55FA,07E4D53,Pova Square Property Management Inc.,"7611 Pine Valley Drive, Unit 19",,Vaughan,ON,,L4L0A2
F59A558,6393CBB,Naxcot REIT Limited Bettmatzhub,#300-2550 12th Avenue,,Regina,SK,,S4P3X1
436AA50,ABB9C90,Conumet Taex Estate Umvaztnamt Trust,102-55 University Avenue,P.O. Box 25,Toronto,ON,,M5J2H7
E6CE2D9,9C5E9DD,VUE Teux Canada Inc,P.O. Box 8130,Succursale Centre-Ville,Montreal,QC,,H3C3N7
7A8855B,541B6F8,Zemunex EBB,1133 RTE 900 E,,ST. Albert,ON,,K0A3C0
AB1A645,C085ECE,Buxxnetuc Nemufectutumg -,430 Cochrane Drive,,Unionville,ON,Canada,L3R8E3
C48CC8B,4979A23,Powmzvuaw Xomg Tatn Ceta Centre,3595 Keele St,,North York,ON,,M3J1M7
4D22F40,CB4DDAB,Axactto Cebxaz Inc.,9 Riverside Drive,P.O. Box 276,Trenton,ON,,K8V5R5
E01DC97,1B2E02E,Toyex Comzatvetoty of Nuzuc,273 Bloor St. W,,Toronto,ON,,M5S1W2
722C5C7,BD72473,CJN Property Management,"234 Concession Street, Suite 101",,Kingston,ON,,K7K6W6
F6B627F,98C88DE,FCC 23,2263 Princess St,,Kingston,ON,,K7M3G1
A400A2A,3600071,WAZTOM GETPAMZ,303 QUEENS DRIVE,,TORONTO,ON,,M6L3C1
CC0DE4B,120B509,Church 28 Holdings Inc.,"15 Hove St, Suite #222",,Toronto,ON,,M3H4Y8
6C50F0F,CDA894C,Vexaemt Bhetnecautucexz International Inc.,"2150, boulevard St-Elzéar",,Laval,QC,Canada,H7L4A8
F763FBA,2003259,CUUZZZ de x’Azttua - CHUZ (Hôbutex Gtemby),Fournisseurs,"300, rue King Est",Sherbrooke,QC,Canada,J1G1B1
9781673,D4748BF,2023021 Ontario Limited,211-1595 Bedford Highway,,Bedford,NS,,B4A3Y4
